heartRate_cozie,light_cozie,noise_cozie,thermal_cozie,user_id,room,humidity_sensing,light_sensing,noise_sensing,temperature_sensing,temperature_mbient,time-numeric
62.0,10.0,10.0,10.0,cresh35,BUDS_LAB,55.0346,200.0,47.0,23.0508,27.25,13.38
80.0,10.0,10.0,10.0,cresh39,ENERGY_LAB_1,69.6409,31.0,52.0,26.0001,28.875,16.53
70.0,10.0,10.0,11.0,cresh39,ENERGY_LAB_1,68.8295,32.0,47.0,26.0454,29.125,17.0
84.0,10.0,10.0,10.0,cresh39,ENERGY_LAB_1,68.6628,31.0,46.0,26.0728,28.75,17.3
74.0,10.0,10.0,11.0,cresh39,OPEN_EXHIBITION_SPACE_2,90.0784,90.0,66.0,26.4108,28.5,17.27
65.0,10.0,10.0,9.0,cresh35,BUILDING_MATERIALS_LAB,54.5723,60.0,47.0,23.5594,30.0,18.0
77.0,10.0,10.0,9.0,cresh35,BUILDING_MATERIALS_LAB,54.2316,64.0,44.0,23.5425,28.25,18.7
82.0,10.0,10.0,11.0,cresh36,ENERGY_LAB_1,69.0254,51.0,50.0,25.9548,29.375,10.20
67.0,10.0,10.0,11.0,cresh36,ENERGY_LAB_1,68.293,58.0,49.0,26.3402,29.0,11.16
78.0,10.0,10.0,10.0,cresh35,BUDS_LAB,62.03,180.0,42.0,25.7948,30.5,11.32
76.0,10.0,11.0,10.0,cresh35,BUDS_LAB,57.0237,186.0,48.0,26.2254,30.5,12.14
73.0,10.0,10.0,10.0,cresh35,BUDS_LAB,51.6245,225.0,41.0,26.1212,31.0,13.30
92.0,10.0,10.0,11.0,cresh39,CAFE,77.4279,110.0,66.0,27.6318,28.75,14.1
71.0,10.0,10.0,11.0,cresh35,BUDS_LAB,51.1865,230.0,42.0,26.197,30.875,14.13
72.0,10.0,,10.0,cresh37,ENERGY_LAB_1,68.8684,63.0,48.0,25.7306,27.375,15.9
70.0,10.0,10.0,11.0,cresh36,ENERGY_LAB_1,69.0229,56.0,46.0,25.5252,29.875,15.16
72.0,10.0,10.0,10.0,cresh35,OUTSIDE_RESTROOM,88.6064,53.0,66.0,28.3418,29.375,15.18
113.0,9.0,10.0,11.0,cresh39,BUDS_LAB,63.7003,45.0,41.0,24.7882,28.0,9.59
87.0,10.0,10.0,11.0,cresh35,BUDS_LAB,61.2757,196.0,44.0,25.1262,30.125,10.5
75.0,10.0,10.0,10.0,cresh39,BUDS_LAB,65.3099,201.0,42.0,26.7308,30.125,11.4
78.0,10.0,10.0,10.0,cresh35,BUILDING_MATERIALS_LAB,54.599,69.0,45.0,23.81,30.875,11.14
77.0,10.0,10.0,10.0,cresh35,BUILDING_MATERIALS_LAB,54.6513,70.0,45.0,23.8826,30.5,11.19
84.0,10.0,10.0,11.0,cresh36,BUILDING_MATERIALS_LAB,54.1416,74.0,45.0,23.7784,29.375,12.44
71.0,10.0,10.0,10.0,cresh39,ENERGY_LAB_1,66.6506,75.0,46.0,26.3992,28.625,12.56
74.0,10.0,10.0,9.0,cresh35,BUDS_LAB,55.0735,173.0,42.0,25.1262,28.125,13.58
110.0,10.0,10.0,10.0,cresh39,IRC_LIBRARY_1,61.7939,118.0,48.0,26.9509,28.875,14.20
105.0,10.0,10.0,10.0,cresh39,IRC_LIBRARY_1,61.7939,118.0,48.0,26.9509,28.875,14.20
75.0,10.0,10.0,10.0,cresh39,IRC_LIBRARY_1,61.5397,109.0,49.0,26.9783,28.375,14.31
95.0,10.0,10.0,10.0,cresh37,ENERGY_LAB_1,67.3878,60.0,47.0,26.4866,27.375,12.36
70.0,10.0,10.0,10.0,cresh07,BUILDING_MATERIALS_LAB,54.3496,74.0,46.0,23.750999999999998,26.375,13.20
83.0,10.0,10.0,11.0,cresh10,BUILDING_MATERIALS_LAB,54.3496,74.0,46.0,23.750999999999998,26.75,13.21
,10.0,10.0,10.0,cresh10,BUILDING_MATERIALS_LAB,54.5601,70.0,44.0,23.6015,26.0,13.27
61.0,10.0,10.0,10.0,cresh07,BUILDING_MATERIALS_LAB,54.4616,71.0,46.0,23.6015,26.25,13.30
92.0,10.0,10.0,11.0,cresh10,BUILDING_MATERIALS_LAB,54.4616,71.0,46.0,23.6015,26.25,13.30
70.0,10.0,10.0,10.0,cresh07,BUILDING_MATERIALS_LAB,54.8265,73.0,47.0,23.5289,25.25,13.51
76.0,10.0,10.0,10.0,cresh07,BUILDING_MATERIALS_LAB,55.1793,65.0,47.0,23.6605,28.75,14.4
76.0,10.0,11.0,11.0,cresh10,BUILDING_MATERIALS_LAB,55.1793,65.0,47.0,23.6605,27.75,14.4
114.0,10.0,10.0,10.0,cresh08,OUTSIDE_RESTROOM,80.5197,44.0,62.0,27.7627,29.125,14.32
78.0,11.0,11.0,11.0,cresh07,OPEN_EXHIBITION_SPACE_2,78.8651,159.0,65.0,27.6248,31.5,14.35
73.0,10.0,10.0,11.0,cresh12,BUILDING_MATERIALS_LAB,54.599,63.0,45.0,23.9142,25.625,14.43
59.0,10.0,10.0,11.0,cresh12,BUILDING_MATERIALS_LAB,54.2815,63.0,45.0,23.9585,28.5,14.48
75.0,11.0,11.0,11.0,cresh07,ENERGY_LAB_1,66.6834,50.0,46.0,26.6077,30.75,14.49
63.0,10.0,10.0,11.0,cresh12,BUILDING_MATERIALS_LAB,53.7425,66.0,45.0,24.049,28.625,15.8
82.0,11.0,11.0,11.0,cresh07,OPEN_EXHIBITION_SPACE_2,74.8613,254.0,65.0,28.5472,31.375,15.11
84.0,10.0,10.0,10.0,cresh08,ENERGY_LAB_1,67.7698,65.0,46.0,26.1633,31.5,15.28
66.0,10.0,10.0,11.0,cresh12,BUILDING_MATERIALS_LAB,53.1136,64.0,44.0,24.1975,28.125,15.29
,10.0,10.0,10.0,cresh09,BUDS_LAB,53.7425,195.0,43.0,24.487,28.875,15.46
82.0,11.0,10.0,11.0,cresh12,BUILDING_MATERIALS_LAB,53.453,63.0,45.0,24.5355,27.75,15.46
86.0,10.0,10.0,11.0,cresh09,BUDS_LAB,54.4311,198.0,44.0,24.4733,29.125,15.47
87.0,10.0,11.0,10.0,cresh08,IRC_LIBRARY_1,61.7733,398.0,49.0,26.9193,31.25,15.52
88.0,10.0,10.0,10.0,cresh07,ENERGY_LAB_1,67.7479,55.0,51.0,26.2949,30.75,15.52
96.0,10.0,10.0,11.0,cresh09,BUDS_LAB,55.2353,188.0,47.0,24.8166,29.5,15.59
62.0,10.0,10.0,11.0,cresh12,BUILDING_MATERIALS_LAB,54.0601,63.0,45.0,24.3301,27.625,16.1
109.0,10.0,10.0,10.0,cresh08,BUILDING_MATERIALS_LAB,54.0138,62.0,45.0,24.5944,29.25,16.18
66.0,10.0,10.0,11.0,cresh12,BUDS_LAB,55.2621,171.0,42.0,24.0911,27.625,16.20
66.0,10.0,10.0,11.0,cresh12,BUDS_LAB,54.3764,165.0,42.0,23.7173,27.5,16.33
85.0,10.0,10.0,11.0,cresh07,ENERGY_LAB_1,67.6603,74.0,46.0,26.0728,30.375,16.39
69.0,9.0,11.0,11.0,cresh06,BUILDING_MATERIALS_LAB,55.6757,66.0,44.0,23.4109,23.875,8.56
72.0,9.0,11.0,11.0,cresh06,BUILDING_MATERIALS_LAB,56.2305,67.0,46.0,23.5425,28.0,9.19
80.0,9.0,,9.0,cresh02,BUILDING_MATERIALS_LAB,56.2937,70.0,61.0,23.5878,24.375,9.29
74.0,9.0,11.0,11.0,cresh06,BUILDING_MATERIALS_LAB,56.5419,69.0,46.0,23.5878,27.875,9.31
64.0,10.0,11.0,10.0,cresh02,BUILDING_MATERIALS_LAB,56.5979,66.0,45.0,23.6605,26.5,9.34
66.0,10.0,,10.0,cresh14,BUILDING_MATERIALS_LAB,55.6197,74.0,44.0,23.4109,26.0,11.21
68.0,10.0,10.0,10.0,cresh13,BUILDING_MATERIALS_LAB,55.6185,77.0,47.0,23.4246,24.75,11.24
83.0,9.0,10.0,10.0,cresh13,BUILDING_MATERIALS_LAB,55.6185,68.0,45.0,23.5004,27.75,11.40
90.0,10.0,,10.0,cresh14,BUILDING_MATERIALS_LAB,55.7013,67.0,45.0,23.4836,29.625,11.41
93.0,10.0,11.0,10.0,cresh13,NEAR_DIC_STUDIO_1,61.3389,44.0,53.0,26.2928,28.25,12.13
79.0,10.0,11.0,9.0,cresh13,NEAR_DIC_STUDIO_1,59.7391,46.0,57.0,26.6635,27.5,13.7
70.0,9.0,11.0,9.0,cresh15,BUILDING_MATERIALS_LAB,54.9518,74.0,46.0,23.8974,25.125,13.11
70.0,10.0,10.0,11.0,cresh03,BUILDING_MATERIALS_LAB,55.3192,65.0,47.0,24.0343,25.5,13.31
78.0,9.0,11.0,9.0,cresh15,BUILDING_MATERIALS_LAB,55.1672,64.0,47.0,24.0343,28.5,13.32
75.0,9.0,11.0,9.0,cresh15,BUILDING_MATERIALS_LAB,54.5881,62.0,47.0,24.0795,28.75,13.36
94.0,9.0,11.0,11.0,cresh14,OPEN_EXHIBITION_SPACE_2,76.3079,113.0,67.0,28.8704,31.125,13.43
84.0,10.0,10.0,11.0,cresh03,BUDS_LAB,64.8257,158.0,42.0,23.3456,28.5,13.44
94.0,9.0,11.0,9.0,cresh14,OPEN_EXHIBITION_SPACE_2,85.0345,45.0,66.0,27.3889,30.5,13.53
75.0,9.0,11.0,11.0,cresh15,OPEN_EXHIBITION_SPACE_2,93.1674,25.0,68.0,25.6232,28.375,14.2
,10.0,10.0,10.0,cresh05,BUILDING_MATERIALS_LAB,58.7695,62.0,46.0,24.3301,24.375,14.11
87.0,9.0,11.0,11.0,cresh15,OPEN_EXHIBITION_SPACE_2,97.6505,30.0,69.0,24.526999999999997,28.5,14.21
109.0,10.0,10.0,10.0,cresh11,BUILDING_MATERIALS_LAB,57.3777,60.0,44.0,24.0343,24.75,14.37
,10.0,10.0,10.0,cresh01,BUILDING_MATERIALS_LAB,57.3777,60.0,44.0,24.0343,25.25,14.37
69.0,10.0,10.0,10.0,cresh05,BUILDING_MATERIALS_LAB,57.3278,61.0,46.0,24.0206,24.0,14.38
85.0,9.0,11.0,10.0,cresh13,OPEN_EXHIBITION_SPACE_2,96.3414,41.0,65.0,24.5407,28.375,14.44
122.0,10.0,10.0,10.0,cresh11,BUILDING_MATERIALS_LAB,56.6161,60.0,47.0,23.9869,28.5,14.46
71.0,10.0,10.0,10.0,cresh01,BUILDING_MATERIALS_LAB,56.3777,60.0,45.0,23.9585,26.875,14.48
92.0,10.0,10.0,10.0,cresh05,BUILDING_MATERIALS_LAB,56.2877,61.0,46.0,23.9279,24.0,14.49
,10.0,10.0,10.0,cresh04,BUILDING_MATERIALS_LAB,56.2828,61.0,46.0,23.8826,28.625,14.53
73.0,10.0,10.0,10.0,cresh04,BUILDING_MATERIALS_LAB,55.7816,60.0,45.0,23.8974,28.375,15.1
80.0,10.0,10.0,11.0,cresh11,BUILDING_MATERIALS_LAB,55.2463,60.0,46.0,23.9416,27.5,15.6
74.0,10.0,,10.0,cresh01,BUILDING_MATERIALS_LAB,55.3582,58.0,45.0,23.8237,27.875,15.9
83.0,9.0,11.0,10.0,cresh13,ENERGY_LAB_1,67.79899999999999,22.0,46.0,25.8201,28.5,15.15
75.0,10.0,10.0,11.0,cresh01,BUILDING_MATERIALS_LAB,55.2353,62.0,45.0,23.750999999999998,28.125,15.15
63.0,10.0,,10.0,cresh01,IRC_LIBRARY_1,61.9667,98.0,47.0,26.993000000000002,28.375,15.35
91.0,9.0,10.0,11.0,cresh06,BUILDING_MATERIALS_LAB,55.5285,60.0,46.0,23.4551,25.125,15.36
82.0,9.0,10.0,10.0,cresh06,BUILDING_MATERIALS_LAB,56.0638,63.0,44.0,23.4836,26.5,15.48
54.0,10.0,,10.0,cresh01,IRC_LIBRARY_1,62.1784,148.0,48.0,26.9783,28.625,15.53
66.0,10.0,10.0,9.0,cresh01,IRC_LIBRARY_1,62.3171,283.0,52.0,26.9783,28.375,16.9
61.0,9.0,10.0,9.0,cresh01,IRC_LIBRARY_1,61.9886,200.0,49.0,27.1278,28.125,16.23
79.0,10.0,11.0,10.0,cresh13,NEAR_DIC_STUDIO_1,61.0603,80.0,48.0,26.5592,29.0,16.24
54.0,10.0,10.0,9.0,cresh01,IRC_LIBRARY_1,62.2903,241.0,48.0,27.052,28.125,16.39
82.0,9.0,11.0,11.0,cresh13,NEAR_DIC_STUDIO_1,60.9861,81.0,54.0,26.5761,29.375,16.54
55.0,10.0,10.0,10.0,cresh01,IRC_LIBRARY_1,61.8402,419.0,49.0,27.1415,28.125,16.54
64.0,10.0,,9.0,cresh01,IRC_LIBRARY_1,61.8633,167.0,49.0,27.1731,28.125,17.8
86.0,9.0,11.0,11.0,cresh13,NEAR_DIC_STUDIO_1,60.716,80.0,55.0,26.6803,29.875,17.9
54.0,10.0,,9.0,cresh01,IRC_LIBRARY_1,61.9557,177.0,48.0,27.2005,28.375,17.25
92.0,9.0,11.0,11.0,cresh13,NEAR_DIC_STUDIO_1,60.6418,74.0,55.0,26.6635,28.875,17.38
75.0,10.0,10.0,10.0,cresh14,EXECUTIVE_SEMINAR_ROOM_B,81.4314,17.0,48.0,28.1658,29.0,18.22
90.0,9.0,11.0,11.0,cresh13,NEAR_DIC_STUDIO_1,60.1868,62.0,46.0,26.3971,29.5,19.19
95.0,10.0,10.0,9.0,cresh14,NEAR_DIC_STUDIO_1,60.1868,62.0,46.0,26.3971,28.125,19.20
71.0,9.0,11.0,10.0,cresh13,NEAR_DIC_STUDIO_1,60.07,62.0,47.0,26.3655,28.125,19.39
76.0,9.0,11.0,11.0,cresh13,NEAR_DIC_STUDIO_1,61.6273,60.0,54.0,26.3971,28.125,20.17
88.0,9.0,11.0,11.0,cresh13,NEAR_DIC_STUDIO_1,70.4488,62.0,56.0,27.4647,30.5,22.6
75.0,10.0,10.0,10.0,cresh06,EXECUTIVE_SEMINAR_ROOM_B,83.1548,1294.0,47.0,27.0748,28.125,9.48
73.0,11.0,10.0,10.0,cresh11,IRC_LIBRARY_1,63.3706,158.0,51.0,26.6245,29.5,11.19
69.0,9.0,10.0,10.0,cresh01,OPEN_EXHIBITION_SPACE_2,86.1537,176.0,63.0,26.7224,29.375,11.32
106.0,10.0,11.0,11.0,cresh11,OPEN_EXHIBITION_SPACE_2,86.1537,176.0,63.0,26.7224,29.375,11.32
69.0,10.0,10.0,11.0,cresh15,BUDS_LAB,55.1222,188.0,42.0,24.7429,27.625,11.39
86.0,9.0,10.0,10.0,cresh14,NEAR_DIC_STUDIO_1,60.8328,92.0,48.0,26.3234,29.0,11.42
64.0,9.0,10.0,10.0,cresh01,OPEN_EXHIBITION_SPACE_2,83.3872,203.0,65.0,27.2426,29.5,11.47
100.0,11.0,11.0,11.0,cresh11,OPEN_EXHIBITION_SPACE_2,83.7278,195.0,68.0,27.6111,29.75,11.52
70.0,10.0,10.0,10.0,cresh06,BUILDING_MATERIALS_LAB,53.5041,70.0,45.0,24.5797,28.375,11.56
70.0,10.0,10.0,10.0,cresh06,BUILDING_MATERIALS_LAB,53.3532,70.0,45.0,24.625,28.0,11.56
119.0,10.0,10.0,10.0,cresh06,BUILDING_MATERIALS_LAB,53.0114,70.0,44.0,24.7155,27.75,12.4
63.0,10.0,10.0,10.0,cresh06,BUILDING_MATERIALS_LAB,53.3983,70.0,44.0,24.3438,28.375,12.19
63.0,10.0,10.0,10.0,cresh06,BUILDING_MATERIALS_LAB,53.6756,68.0,44.0,24.2712,28.375,12.34
66.0,10.0,10.0,10.0,cresh06,BUILDING_MATERIALS_LAB,53.4761,68.0,45.0,24.2712,28.625,12.45
89.0,10.0,10.0,10.0,cresh14,NEAR_DIC_STUDIO_1,61.181999999999995,84.0,47.0,26.3971,29.125,12.53
64.0,10.0,10.0,10.0,cresh06,BUILDING_MATERIALS_LAB,53.3849,68.0,45.0,24.3301,28.375,13.0
94.0,9.0,10.0,10.0,cresh14,NEAR_DIC_STUDIO_1,60.9496,84.0,49.0,26.3971,28.5,13.11
65.0,10.0,10.0,9.0,cresh06,BUILDING_MATERIALS_LAB,53.6428,71.0,44.0,24.1217,28.125,13.15
82.0,10.0,10.0,10.0,cresh05,BUDS_LAB,56.5614,227.0,42.0,22.7381,25.875,13.26
89.0,10.0,10.0,10.0,cresh05,BUDS_LAB,56.604,225.0,42.0,22.7549,26.625,13.28
67.0,10.0,10.0,10.0,cresh06,BUILDING_MATERIALS_LAB,53.3569,71.0,48.0,24.3754,28.125,13.30
84.0,10.0,10.0,10.0,cresh14,NEAR_DIC_STUDIO_1,60.5482,89.0,47.0,26.4834,29.5,13.55
107.0,10.0,10.0,10.0,cresh11,IRC_LIBRARY_1,62.3974,313.0,49.0,26.993000000000002,29.25,13.59
61.0,10.0,10.0,9.0,cresh06,BUILDING_MATERIALS_LAB,53.3313,70.0,45.0,24.805,27.625,14.0
73.0,10.0,10.0,10.0,cresh01,IRC_LIBRARY_1,62.1808,287.0,49.0,27.052,29.125,14.8
59.0,10.0,10.0,9.0,cresh06,BUILDING_MATERIALS_LAB,53.6014,66.0,44.0,24.7461,27.75,14.15
107.0,10.0,10.0,10.0,cresh14,NEAR_DIC_STUDIO_1,60.3012,89.0,65.0,26.5287,28.0,14.25
60.0,10.0,10.0,9.0,cresh06,BUILDING_MATERIALS_LAB,53.3508,65.0,44.0,24.6113,28.25,14.30
105.0,10.0,10.0,11.0,cresh09,OPEN_EXHIBITION_SPACE_2,82.4407,237.0,67.0,28.1597,28.5,14.31
74.0,10.0,10.0,10.0,cresh04,BUDS_LAB,57.2609,187.0,44.0,22.9329,28.375,14.36
60.0,10.0,10.0,10.0,cresh01,IRC_LIBRARY_1,61.7574,279.0,52.0,27.1562,28.75,14.39
57.0,10.0,10.0,9.0,cresh06,BUILDING_MATERIALS_LAB,53.4372,72.0,44.0,24.625,28.125,14.45
64.0,10.0,10.0,10.0,cresh01,IRC_LIBRARY_1,61.8353,338.0,49.0,27.1278,28.5,14.55
80.0,10.0,10.0,10.0,cresh14,NEAR_DIC_STUDIO_1,60.1917,88.0,51.0,26.515,28.5,14.56
59.0,10.0,10.0,9.0,cresh06,BUILDING_MATERIALS_LAB,53.1197,71.0,44.0,24.6113,28.25,15.0
88.0,10.0,10.0,10.0,cresh14,NEAR_DIC_STUDIO_1,60.1309,85.0,49.0,26.5592,28.875,15.10
62.0,10.0,10.0,9.0,cresh06,BUILDING_MATERIALS_LAB,52.9165,68.0,44.0,24.6734,27.875,15.15
59.0,10.0,10.0,9.0,cresh06,BUILDING_MATERIALS_LAB,52.9615,67.0,44.0,24.6566,28.0,15.16
76.0,10.0,11.0,11.0,cresh13,NEAR_DIC_STUDIO_1,60.3486,83.0,52.0,26.5592,30.125,15.17
96.0,10.0,10.0,11.0,cresh09,OPEN_EXHIBITION_SPACE_2,77.01100000000001,214.0,64.0,29.0484,31.625,15.18
63.0,10.0,10.0,9.0,cresh06,BUILDING_MATERIALS_LAB,53.1343,68.0,44.0,24.566,28.5,15.30
94.0,9.0,10.0,11.0,cresh13,NEAR_DIC_STUDIO_1,60.8474,82.0,53.0,26.6635,29.75,15.42
77.0,10.0,10.0,10.0,cresh04,IRC_LIBRARY_1,61.4728,259.0,50.0,27.2931,28.625,15.56
89.0,10.0,10.0,10.0,cresh14,CAFE,74.0191,80.0,69.0,27.6172,29.125,15.57
62.0,10.0,10.0,10.0,cresh01,IRC_LIBRARY_1,61.6954,299.0,48.0,27.2626,28.75,16.17
81.0,10.0,10.0,10.0,cresh14,NEAR_DIC_STUDIO_1,60.4654,77.0,54.0,26.7393,29.25,16.18
59.0,10.0,10.0,9.0,cresh01,IRC_LIBRARY_1,61.4545,551.0,48.0,27.3352,28.75,16.32
109.0,10.0,10.0,10.0,cresh14,NEAR_DIC_STUDIO_1,60.1479,80.0,56.0,26.754,28.625,16.34
64.0,10.0,,9.0,cresh01,IRC_LIBRARY_1,61.5263,121.0,49.0,27.3805,28.75,16.47
69.0,11.0,10.0,10.0,cresh01,IRC_LIBRARY_1,61.3876,376.0,49.0,27.3805,28.5,17.2
93.0,9.0,10.0,11.0,cresh13,NEAR_DIC_STUDIO_1,60.2963,77.0,55.0,26.6803,29.5,17.16
59.0,10.0,10.0,10.0,cresh01,IRC_LIBRARY_1,61.5993,282.0,52.0,27.3668,28.75,17.17
68.0,10.0,10.0,11.0,cresh13,NEAR_DIC_STUDIO_1,60.2185,69.0,52.0,26.7087,29.875,17.56
71.0,10.0,10.0,11.0,cresh05,BUDS_LAB,54.3204,157.0,42.0,23.570999999999998,25.25,18.10
72.0,10.0,10.0,11.0,cresh13,NEAR_DIC_STUDIO_1,60.2477,65.0,50.0,26.6803,28.875,18.23
96.0,10.0,10.0,10.0,cresh05,BUILDING_MATERIALS_LAB,52.571000000000005,11.0,44.0,24.1975,28.25,18.40
90.0,11.0,10.0,10.0,cresh05,IRC_LIBRARY_1,61.3146,183.0,49.0,27.2931,29.375,18.45
69.0,10.0,10.0,10.0,cresh13,NEAR_DIC_STUDIO_1,60.4131,61.0,51.0,26.5908,28.125,18.53
72.0,11.0,10.0,10.0,cresh05,IRC_LIBRARY_1,61.4788,172.0,49.0,27.2173,29.0,19.7
98.0,10.0,10.0,10.0,cresh05,OPEN_EXHIBITION_SPACE_2,85.9274,101.0,64.0,27.8027,29.375,19.15
108.0,9.0,10.0,10.0,cresh05,OPEN_EXHIBITION_SPACE_2,85.2011,101.0,67.0,27.7743,29.375,19.16
70.0,10.0,11.0,11.0,cresh13,OPEN_EXHIBITION_SPACE_2,87.8472,104.0,64.0,27.4479,30.5,19.27
86.0,10.0,10.0,10.0,cresh07,HOT_DESKING_ARCHITECTURE_STUDIO_SPACE_1,78.3955,1294.0,51.0,26.3686,29.625,19.39
76.0,10.0,,10.0,cresh07,IRC_LIBRARY_1,64.395,171.0,49.0,27.7522,30.125,20.2
82.0,10.0,10.0,11.0,cresh08,IRC_LIBRARY_1,64.395,171.0,49.0,27.7522,28.75,20.2
84.0,10.0,10.0,11.0,cresh07,IRC_LIBRARY_1,64.9765,172.0,51.0,27.9175,30.75,20.22
76.0,10.0,10.0,10.0,cresh07,IRC_LIBRARY_1,65.99,172.0,48.0,27.9007,31.125,20.34
106.0,10.0,10.0,10.0,cresh08,CAFE,71.092,16.0,59.0,29.9983,29.375,20.48
77.0,10.0,10.0,10.0,cresh07,IRC_LIBRARY_1,66.8513,172.0,48.0,27.9007,31.625,20.49
111.0,10.0,10.0,10.0,cresh07,OPEN_EXHIBITION_SPACE_2,81.9273,132.0,64.0,27.8638,27.875,10.5
76.0,9.0,11.0,10.0,cresh07,OPEN_EXHIBITION_SPACE_2,81.9455,120.0,68.0,28.205,30.25,10.20
84.0,9.0,11.0,10.0,cresh07,OPEN_EXHIBITION_SPACE_2,80.1803,123.0,65.0,28.4545,31.375,10.35
78.0,9.0,11.0,10.0,cresh07,CAFE,72.0935,65.0,64.0,27.3501,31.375,10.50
104.0,10.0,11.0,10.0,cresh10,EXECUTIVE_SEMINAR_ROOM_A,65.0749,1294.0,55.0,26.7932,28.75,10.53
78.0,9.0,10.0,10.0,cresh07,CAFE,70.4165,77.0,65.0,27.6318,31.5,11.6
94.0,10.0,10.0,11.0,cresh05,OPEN_EXHIBITION_SPACE_2,73.837,147.0,69.0,28.9294,31.125,11.8
73.0,10.0,10.0,11.0,cresh05,IRC_LIBRARY_1,62.4254,157.0,48.0,26.8014,30.625,11.11
69.0,10.0,10.0,9.0,cresh06,BUILDING_MATERIALS_LAB,53.0844,72.0,44.0,24.2849,28.625,11.15
62.0,10.0,10.0,9.0,cresh06,BUILDING_MATERIALS_LAB,53.0844,72.0,44.0,24.2849,28.625,11.15
63.0,10.0,10.0,9.0,cresh06,BUILDING_MATERIALS_LAB,53.0917,71.0,44.0,24.2564,28.5,11.15
68.0,10.0,10.0,9.0,cresh06,BUILDING_MATERIALS_LAB,53.0917,71.0,44.0,24.2564,28.5,11.16
76.0,9.0,11.0,10.0,cresh07,CAFE,71.65100000000001,83.0,64.0,27.5869,31.75,11.18
61.0,10.0,10.0,9.0,cresh06,BUILDING_MATERIALS_LAB,52.8885,71.0,45.0,24.4175,28.875,11.30
62.0,10.0,10.0,11.0,cresh05,IRC_LIBRARY_1,62.4083,165.0,47.0,26.8151,31.0,11.33
65.0,10.0,10.0,9.0,cresh06,BUILDING_MATERIALS_LAB,52.6464,70.0,44.0,24.4481,28.75,11.45
66.0,10.0,10.0,11.0,cresh05,IRC_LIBRARY_1,62.1249,347.0,46.0,26.8919,31.25,11.47
72.0,10.0,10.0,11.0,cresh05,IRC_LIBRARY_1,62.0166,330.0,46.0,26.874000000000002,31.25,11.49
75.0,9.0,10.0,10.0,cresh07,OPEN_EXHIBITION_SPACE_2,72.6836,178.0,65.0,29.259,31.375,11.50
62.0,10.0,10.0,9.0,cresh06,BUILDING_MATERIALS_LAB,52.7291,72.0,44.0,24.4344,28.75,12.0
69.0,10.0,10.0,10.0,cresh05,IRC_LIBRARY_1,61.7161,313.0,49.0,26.9783,30.875,12.5
70.0,10.0,10.0,11.0,cresh05,IRC_LIBRARY_1,61.7161,313.0,49.0,26.9783,30.875,12.5
72.0,9.0,11.0,10.0,cresh07,CAFE,67.801,89.0,67.0,28.5872,31.75,12.6
73.0,10.0,10.0,10.0,cresh01,IRC_LIBRARY_1,61.7295,333.0,46.0,26.9783,28.625,12.9
66.0,10.0,10.0,11.0,cresh05,IRC_LIBRARY_1,61.5883,374.0,48.0,27.0099,30.875,12.13
75.0,9.0,11.0,10.0,cresh07,OPEN_EXHIBITION_SPACE_2,69.9475,210.0,64.0,29.5232,31.75,12.13
67.0,10.0,10.0,9.0,cresh06,BUILDING_MATERIALS_LAB,52.3678,75.0,44.0,24.4765,28.75,12.15
59.0,10.0,10.0,10.0,cresh01,IRC_LIBRARY_1,61.4375,430.0,46.0,27.0825,28.75,12.21
56.0,10.0,10.0,9.0,cresh06,BUILDING_MATERIALS_LAB,52.5381,67.0,44.0,24.2986,28.25,12.30
68.0,9.0,10.0,10.0,cresh07,CAFE,69.4304,89.0,67.0,28.6894,31.5,12.32
60.0,10.0,10.0,10.0,cresh01,IRC_LIBRARY_1,61.2051,349.0,46.0,27.2005,28.625,12.33
80.0,10.0,10.0,11.0,cresh10,EXECUTIVE_SEMINAR_ROOM_A,61.257,1294.0,56.0,27.5316,29.5,12.39
79.0,9.0,10.0,10.0,cresh07,CAFE,68.5574,98.0,68.0,28.5559,31.5,12.44
60.0,10.0,10.0,9.0,cresh06,BUILDING_MATERIALS_LAB,52.5771,70.0,44.0,24.2986,27.875,12.45
55.0,10.0,10.0,10.0,cresh01,IRC_LIBRARY_1,61.3499,334.0,52.0,27.1868,28.375,12.45
65.0,10.0,10.0,10.0,cresh01,IRC_LIBRARY_1,61.4557,283.0,49.0,27.2173,28.375,12.58
63.0,10.0,10.0,9.0,cresh06,BUILDING_MATERIALS_LAB,52.5734,67.0,45.0,24.4765,28.125,13.0
83.0,9.0,10.0,10.0,cresh07,OPEN_EXHIBITION_SPACE_2,85.6987,145.0,66.0,27.9996,30.875,13.1
76.0,10.0,11.0,10.0,cresh10,EXECUTIVE_SEMINAR_ROOM_A,62.1573,1294.0,55.0,27.6203,29.0,13.7
61.0,10.0,10.0,9.0,cresh06,BUILDING_MATERIALS_LAB,53.1282,70.0,44.0,24.4618,28.0,13.15
87.0,9.0,10.0,10.0,cresh01,CAFE,73.2948,99.0,64.0,28.2054,28.375,13.15
77.0,11.0,10.0,10.0,cresh03,IRC_LIBRARY_1,61.7404,393.0,53.0,27.2342,28.75,13.17
77.0,10.0,10.0,10.0,cresh01,CAFE,71.7831,98.0,68.0,28.1606,28.5,13.20
101.0,10.0,11.0,10.0,cresh15,IRC_LIBRARY_1,61.8742,362.0,50.0,27.2342,28.5,13.24
70.0,11.0,10.0,9.0,cresh03,IRC_LIBRARY_1,61.8633,336.0,47.0,27.2489,28.5,13.28
61.0,9.0,10.0,10.0,cresh01,CAFE,72.0376,90.0,70.0,28.0573,28.625,13.31
91.0,10.0,10.0,10.0,cresh07,ENERGY_LAB_1,68.282,53.0,47.0,25.9864,30.75,13.34
72.0,10.0,10.0,11.0,cresh05,IRC_LIBRARY_1,61.8049,326.0,48.0,27.3215,31.25,13.37
84.0,10.0,11.0,10.0,cresh15,IRC_LIBRARY_1,61.8669,313.0,50.0,27.3668,28.25,13.42
56.0,10.0,11.0,10.0,cresh01,IRC_LIBRARY_1,61.7939,296.0,53.0,27.4121,28.25,13.47
73.0,10.0,11.0,10.0,cresh15,IRC_LIBRARY_1,61.7112,400.0,51.0,27.4121,28.5,13.59
105.0,10.0,11.0,10.0,cresh14,NEAR_DIC_STUDIO_1,59.8474,86.0,46.0,26.5287,29.125,14.2
63.0,10.0,10.0,10.0,cresh01,IRC_LIBRARY_1,61.8183,387.0,49.0,27.3805,28.125,14.3
90.0,10.0,10.0,10.0,cresh03,BUDS_LAB,52.0308,238.0,43.0,25.0525,27.625,14.11
66.0,10.0,10.0,11.0,cresh05,IRC_LIBRARY_1,61.5007,451.0,51.0,27.4563,30.75,14.16
67.0,10.0,11.0,10.0,cresh01,IRC_LIBRARY_1,61.5214,457.0,51.0,27.4258,28.125,14.18
102.0,11.0,10.0,10.0,cresh03,IRC_LIBRARY_1,61.5007,499.0,52.0,27.3942,28.5,14.24
60.0,10.0,10.0,10.0,cresh01,IRC_LIBRARY_1,61.345,502.0,54.0,27.4984,28.25,14.34
109.0,10.0,10.0,11.0,cresh14,NEAR_DIC_STUDIO_1,59.6661,94.0,48.0,26.6361,28.375,14.34
76.0,10.0,11.0,10.0,cresh15,IRC_LIBRARY_1,61.1504,496.0,54.0,27.5437,28.75,14.35
91.0,11.0,10.0,10.0,cresh03,IRC_LIBRARY_1,61.2647,500.0,51.0,27.5437,28.75,14.38
55.0,10.0,11.0,10.0,cresh01,IRC_LIBRARY_1,61.0652,553.0,48.0,27.5743,28.25,14.49
71.0,10.0,11.0,11.0,cresh15,IRC_LIBRARY_1,61.0141,543.0,46.0,27.5437,29.0,14.51
72.0,11.0,10.0,10.0,cresh03,IRC_LIBRARY_1,61.0141,543.0,46.0,27.5437,29.0,14.51
60.0,10.0,10.0,10.0,cresh01,IRC_LIBRARY_1,60.7769,492.0,47.0,27.6332,28.375,15.4
68.0,10.0,11.0,10.0,cresh15,IRC_LIBRARY_1,60.643,456.0,48.0,27.7206,29.25,15.11
79.0,11.0,10.0,10.0,cresh03,IRC_LIBRARY_1,60.7586,432.0,48.0,27.648000000000003,28.75,15.13
79.0,11.0,,10.0,cresh03,IRC_LIBRARY_1,60.6382,374.0,47.0,27.648000000000003,29.0,15.17
65.0,10.0,10.0,10.0,cresh01,IRC_LIBRARY_1,60.7027,384.0,48.0,27.6764,28.375,15.20
70.0,11.0,10.0,9.0,cresh03,IRC_LIBRARY_1,60.5299,413.0,47.0,27.7206,29.0,15.28
57.0,10.0,10.0,10.0,cresh01,IRC_LIBRARY_1,60.5323,530.0,51.0,27.7069,28.75,15.35
77.0,10.0,,9.0,cresh03,IRC_LIBRARY_1,60.4593,567.0,50.0,27.7375,28.5,15.41
63.0,10.0,10.0,10.0,cresh01,IRC_LIBRARY_1,60.379,531.0,50.0,27.7522,28.75,15.50
62.0,10.0,10.0,9.0,cresh01,IRC_LIBRARY_1,59.9253,561.0,46.0,27.8554,28.75,16.5
85.0,11.0,10.0,9.0,cresh01,IRC_LIBRARY_1,59.3997,542.0,45.0,27.9765,29.0,16.20
64.0,10.0,10.0,11.0,cresh12,IRC_LIBRARY_1,59.6187,618.0,46.0,27.886999999999997,29.5,16.35
66.0,10.0,10.0,10.0,cresh01,IRC_LIBRARY_1,59.5943,867.0,48.0,27.9007,28.75,16.35
65.0,10.0,10.0,11.0,cresh15,IRC_LIBRARY_1,59.4666,1016.0,47.0,27.9323,29.0,16.48
63.0,11.0,10.0,9.0,cresh01,IRC_LIBRARY_1,59.463,894.0,46.0,27.9007,28.625,16.51
63.0,10.0,10.0,10.0,cresh15,IRC_LIBRARY_1,59.244,669.0,49.0,27.9765,29.25,17.4
95.0,9.0,10.0,11.0,cresh13,BUILDING_MATERIALS_LAB,52.3897,63.0,44.0,24.566,28.375,17.4
53.0,10.0,10.0,9.0,cresh01,IRC_LIBRARY_1,59.0615,635.0,46.0,28.0218,28.5,17.6
63.0,10.0,10.0,11.0,cresh15,IRC_LIBRARY_1,59.1223,601.0,48.0,27.9765,30.0,17.19
64.0,10.0,10.0,10.0,cresh15,IRC_LIBRARY_1,58.3023,553.0,49.0,28.3166,29.375,17.35
63.0,10.0,10.0,10.0,cresh12,IRC_LIBRARY_1,58.1576,509.0,52.0,28.345,30.125,17.43
91.0,10.0,10.0,10.0,cresh04,BUDS_LAB,57.0711,159.0,43.0,22.7076,28.5,17.48
66.0,10.0,10.0,10.0,cresh15,IRC_LIBRARY_1,58.3194,456.0,49.0,28.2408,29.125,17.52
73.0,10.0,10.0,10.0,cresh12,IRC_LIBRARY_1,58.0481,430.0,48.0,28.3903,29.75,17.56
92.0,10.0,10.0,10.0,cresh04,IRC_LIBRARY_1,57.879,419.0,51.0,28.4492,29.125,17.59
91.0,10.0,10.0,10.0,cresh14,OPEN_EXHIBITION_SPACE_2,75.7835,147.0,66.0,29.2137,29.375,18.9
61.0,10.0,10.0,10.0,cresh12,IRC_LIBRARY_1,57.9848,226.0,51.0,28.3755,29.5,18.15
79.0,10.0,10.0,10.0,cresh04,IRC_LIBRARY_1,58.0627,210.0,49.0,28.3166,28.5,18.22
84.0,10.0,11.0,10.0,cresh14,EXECUTIVE_SEMINAR_ROOM_A,81.9904,41.0,51.0,25.6146,29.25,18.28
65.0,10.0,10.0,10.0,cresh15,IRC_LIBRARY_1,58.2379,183.0,49.0,28.0944,28.875,18.43
80.0,10.0,10.0,10.0,cresh14,EXECUTIVE_SEMINAR_ROOM_A,82.2366,41.0,48.0,25.6459,29.125,18.46
85.0,10.0,10.0,10.0,cresh15,IRC_LIBRARY_1,58.531000000000006,176.0,49.0,27.9459,28.375,18.59
75.0,10.0,10.0,11.0,cresh12,OPEN_EXHIBITION_SPACE_2,76.8979,99.0,72.0,28.0418,30.375,19.40
84.0,9.0,10.0,10.0,cresh13,NEAR_DIC_STUDIO_1,60.025,60.0,54.0,26.6498,27.625,20.6
67.0,10.0,10.0,10.0,cresh05,IRC_LIBRARY_1,62.4752,159.0,46.0,26.8014,30.0,9.58
103.0,10.0,10.0,10.0,cresh04,IRC_LIBRARY_1,62.2453,169.0,50.0,26.8604,28.75,10.8
96.0,10.0,10.0,10.0,cresh05,IRC_LIBRARY_1,62.474,191.0,50.0,26.8298,30.375,10.40
90.0,10.0,10.0,10.0,cresh04,IRC_LIBRARY_1,62.3475,134.0,48.0,26.9193,28.75,11.2
122.0,10.0,10.0,10.0,cresh14,NEAR_DIC_STUDIO_1,60.9107,47.0,47.0,26.4413,28.5,11.22
79.0,10.0,10.0,10.0,cresh04,IRC_LIBRARY_1,62.2526,142.0,47.0,26.9646,28.125,11.34
90.0,10.0,10.0,10.0,cresh05,IRC_LIBRARY_1,62.1419,156.0,50.0,26.993000000000002,30.25,11.38
90.0,10.0,10.0,10.0,cresh05,IRC_LIBRARY_1,62.1419,156.0,50.0,26.993000000000002,30.25,11.38
65.0,10.0,10.0,10.0,cresh05,IRC_LIBRARY_1,61.9667,162.0,49.0,27.0962,30.125,12.1
83.0,10.0,10.0,10.0,cresh04,IRC_LIBRARY_1,61.8852,173.0,52.0,27.1415,27.625,12.20
82.0,9.0,10.0,10.0,cresh13,NEAR_DIC_STUDIO_1,60.3182,47.0,47.0,26.6803,29.0,12.38
108.0,10.0,10.0,10.0,cresh05,IRC_LIBRARY_1,61.9837,265.0,53.0,27.3942,30.125,13.37
100.0,11.0,10.0,10.0,cresh03,IRC_LIBRARY_1,62.1577,258.0,47.0,27.4121,28.5,13.44
87.0,10.0,10.0,10.0,cresh03,IRC_LIBRARY_1,61.9059,317.0,46.0,27.4848,28.625,13.53
93.0,10.0,10.0,10.0,cresh03,IRC_LIBRARY_1,61.8402,325.0,47.0,27.4711,28.5,13.54
67.0,10.0,10.0,10.0,cresh05,IRC_LIBRARY_1,61.8353,275.0,48.0,27.4563,29.875,13.58
70.0,10.0,10.0,10.0,cresh06,BUILDING_MATERIALS_LAB,52.5515,64.0,44.0,25.0409,27.0,14.1
94.0,10.0,11.0,10.0,cresh03,IRC_LIBRARY_1,61.3985,270.0,51.0,27.5574,28.375,14.7
68.0,10.0,10.0,10.0,cresh06,BUILDING_MATERIALS_LAB,52.5552,63.0,44.0,25.0409,28.125,14.16
66.0,10.0,10.0,10.0,cresh06,BUILDING_MATERIALS_LAB,52.4323,65.0,44.0,24.8334,29.0,14.31
90.0,11.0,10.0,10.0,cresh03,IRC_LIBRARY_1,61.4375,404.0,48.0,27.6932,28.75,14.41
62.0,10.0,10.0,10.0,cresh06,BUILDING_MATERIALS_LAB,53.1172,66.0,45.0,24.4933,28.5,14.46
105.0,10.0,10.0,11.0,cresh14,NEAR_DIC_STUDIO_1,59.5238,46.0,49.0,26.9593,28.375,14.57
65.0,10.0,10.0,9.0,cresh06,BUILDING_MATERIALS_LAB,53.6683,65.0,45.0,24.5207,28.375,15.16
65.0,10.0,10.0,10.0,cresh05,IRC_LIBRARY_1,60.7087,412.0,51.0,28.0218,29.75,15.27
62.0,10.0,10.0,9.0,cresh06,BUILDING_MATERIALS_LAB,53.7134,62.0,48.0,24.506999999999998,28.125,15.31
80.0,10.0,10.0,10.0,cresh05,IRC_LIBRARY_1,60.9825,489.0,56.0,27.9596,29.75,15.38
64.0,10.0,10.0,10.0,cresh06,BUILDING_MATERIALS_LAB,53.4348,62.0,45.0,25.0862,28.0,15.46
66.0,10.0,10.0,10.0,cresh06,BUILDING_MATERIALS_LAB,53.3958,62.0,44.0,24.7324,28.25,16.1
96.0,10.0,10.0,10.0,cresh14,NEAR_DIC_STUDIO_1,59.4179,37.0,53.0,26.9446,28.75,16.5
82.0,10.0,10.0,10.0,cresh04,IRC_LIBRARY_1,60.6808,313.0,55.0,27.9765,28.75,16.5
64.0,10.0,10.0,9.0,cresh06,BUILDING_MATERIALS_LAB,53.2231,62.0,44.0,24.6113,28.375,16.16
65.0,10.0,10.0,9.0,cresh06,BUILDING_MATERIALS_LAB,53.2231,62.0,44.0,24.6113,28.375,16.16
90.0,10.0,10.0,10.0,cresh14,NEAR_DIC_STUDIO_1,58.8048,38.0,54.0,26.9172,29.125,16.22
64.0,10.0,10.0,9.0,cresh06,BUILDING_MATERIALS_LAB,53.1026,63.0,44.0,24.506999999999998,27.875,16.31
88.0,10.0,10.0,10.0,cresh14,NEAR_DIC_STUDIO_1,58.3765,38.0,54.0,26.8572,29.375,16.39
107.0,10.0,10.0,11.0,cresh06,OPEN_EXHIBITION_SPACE_2,80.2447,321.0,63.0,29.1853,28.875,16.53
79.0,10.0,10.0,11.0,cresh06,IRC_LIBRARY_1,58.8486,490.0,47.0,28.1681,30.75,17.3
113.0,10.0,10.0,11.0,cresh10,EXECUTIVE_SEMINAR_ROOM_B,81.7073,125.0,46.0,26.0714,30.25,17.5
77.0,10.0,10.0,10.0,cresh04,IRC_LIBRARY_1,58.9982,414.0,49.0,28.0807,28.5,17.9
75.0,10.0,10.0,10.0,cresh04,IRC_LIBRARY_1,59.0262,366.0,50.0,28.0944,28.75,17.15
90.0,10.0,10.0,11.0,cresh10,EXECUTIVE_SEMINAR_ROOM_B,79.3951,1294.0,48.0,26.8547,30.25,17.16
98.0,10.0,10.0,10.0,cresh14,NEAR_DIC_STUDIO_1,59.0055,35.0,56.0,26.7982,28.625,17.21
76.0,10.0,10.0,10.0,cresh04,IRC_LIBRARY_1,58.677,330.0,50.0,28.2134,28.75,17.25
74.0,10.0,10.0,10.0,cresh04,IRC_LIBRARY_1,58.7257,314.0,52.0,28.1534,28.5,17.35
85.0,10.0,10.0,10.0,cresh14,NEAR_DIC_STUDIO_1,58.9654,36.0,53.0,26.8267,28.25,17.36
83.0,10.0,10.0,11.0,cresh10,EXECUTIVE_SEMINAR_ROOM_B,80.2218,1294.0,44.0,26.9298,30.375,17.41
72.0,10.0,10.0,10.0,cresh04,IRC_LIBRARY_1,58.5821,261.0,47.0,28.0944,28.75,17.45
78.0,10.0,10.0,10.0,cresh10,EXECUTIVE_SEMINAR_ROOM_A,81.7418,41.0,44.0,25.8493,30.25,17.54
91.0,10.0,10.0,10.0,cresh14,NEAR_DIC_STUDIO_1,59.2659,31.0,55.0,26.813000000000002,29.75,18.2
80.0,10.0,10.0,10.0,cresh10,EXECUTIVE_SEMINAR_ROOM_B,74.7934,1294.0,45.0,26.3833,29.875,18.13
93.0,10.0,10.0,10.0,cresh14,NEAR_DIC_STUDIO_1,59.0785,28.0,54.0,26.6803,28.5,18.15
76.0,11.0,10.0,11.0,cresh03,IRC_LIBRARY_1,58.4325,111.0,48.0,28.0049,28.75,18.16
69.0,10.0,10.0,10.0,cresh10,EXECUTIVE_SEMINAR_ROOM_B,77.592,1294.0,45.0,26.5283,30.125,18.24
94.0,11.0,10.0,11.0,cresh03,IRC_LIBRARY_1,58.2573,80.0,47.0,27.9596,30.625,18.25
92.0,10.0,10.0,10.0,cresh14,NEAR_DIC_STUDIO_1,59.2282,63.0,51.0,26.7393,28.375,18.30
68.0,10.0,10.0,10.0,cresh10,EXECUTIVE_SEMINAR_ROOM_A,80.0541,41.0,50.0,25.4529,30.125,18.33
103.0,11.0,10.0,11.0,cresh03,IRC_LIBRARY_1,58.3656,54.0,46.0,27.886999999999997,30.75,18.33
89.0,11.0,10.0,11.0,cresh03,IRC_LIBRARY_1,58.3315,184.0,51.0,27.8554,31.25,18.48
88.0,9.0,11.0,11.0,cresh13,NEAR_DIC_STUDIO_1,59.2403,61.0,55.0,26.754,28.5,18.58
97.0,11.0,10.0,11.0,cresh03,IRC_LIBRARY_1,58.3741,176.0,47.0,27.7659,31.125,19.4
88.0,10.0,10.0,11.0,cresh03,IRC_LIBRARY_1,58.2853,178.0,47.0,27.7522,31.0,19.9
90.0,9.0,10.0,10.0,cresh03,IRC_LIBRARY_1,58.4362,176.0,53.0,27.6616,30.75,19.20
101.0,9.0,11.0,11.0,cresh13,OPEN_EXHIBITION_SPACE_2,84.1159,99.0,63.0,27.9828,28.375,19.31
94.0,10.0,10.0,11.0,cresh03,IRC_LIBRARY_1,59.8973,178.0,48.0,27.6932,30.5,19.37
90.0,9.0,10.0,10.0,cresh03,IRC_LIBRARY_1,61.1613,176.0,47.0,28.1818,30.75,19.52
91.0,9.0,10.0,10.0,cresh03,IRC_LIBRARY_1,61.5153,176.0,46.0,28.2576,31.125,20.1
92.0,10.0,10.0,10.0,cresh03,IRC_LIBRARY_1,61.8718,176.0,46.0,28.3755,31.0,20.11
86.0,9.0,10.0,10.0,cresh03,IRC_LIBRARY_1,62.1455,174.0,45.0,28.3755,31.125,20.18
83.0,10.0,10.0,10.0,cresh03,IRC_LIBRARY_1,62.2356,176.0,48.0,28.3755,30.75,20.30
82.0,9.0,10.0,10.0,cresh03,IRC_LIBRARY_1,62.3025,176.0,45.0,28.4208,30.75,20.38
86.0,9.0,10.0,10.0,cresh03,IRC_LIBRARY_1,62.2416,175.0,46.0,28.4208,30.75,20.45
84.0,9.0,10.0,10.0,cresh03,IRC_LIBRARY_1,62.4144,175.0,46.0,28.404,31.0,20.56
84.0,10.0,10.0,10.0,cresh03,IRC_LIBRARY_1,62.4923,177.0,46.0,28.4208,30.25,21.10
64.0,10.0,10.0,10.0,cresh05,IRC_LIBRARY_1,61.6625,119.0,49.0,26.6835,29.375,9.31
101.0,9.0,11.0,11.0,cresh01,OPEN_EXHIBITION_SPACE_2,82.9091,123.0,65.0,28.5029,30.75,9.44
64.0,10.0,10.0,10.0,cresh06,BUILDING_MATERIALS_LAB,53.6963,65.0,44.0,24.4175,27.25,9.46
61.0,10.0,10.0,10.0,cresh05,IRC_LIBRARY_1,61.0993,104.0,48.0,26.7287,28.875,9.53
61.0,10.0,10.0,10.0,cresh05,IRC_LIBRARY_1,61.0421,102.0,49.0,26.8014,28.75,9.55
59.0,10.0,10.0,10.0,cresh06,BUILDING_MATERIALS_LAB,53.4761,70.0,44.0,24.5207,28.0,10.0
81.0,9.0,10.0,11.0,cresh01,ENERGY_LAB_1,67.4973,48.0,46.0,26.2644,29.875,10.1
63.0,10.0,10.0,10.0,cresh06,BUILDING_MATERIALS_LAB,53.2255,62.0,44.0,24.4344,28.25,10.15
71.0,9.0,10.0,11.0,cresh01,ENERGY_LAB_1,66.9462,33.0,46.0,26.3402,30.625,10.17
74.0,10.0,10.0,10.0,cresh05,IRC_LIBRARY_1,60.8365,93.0,51.0,26.7877,28.75,10.18
60.0,10.0,10.0,10.0,cresh06,BUILDING_MATERIALS_LAB,53.0065,65.0,44.0,24.4481,28.125,10.30
77.0,9.0,10.0,10.0,cresh01,ENERGY_LAB_1,66.8623,47.0,47.0,26.3992,30.25,10.32
73.0,10.0,10.0,10.0,cresh05,IRC_LIBRARY_1,60.5761,143.0,50.0,26.9056,28.75,10.35
55.0,10.0,10.0,10.0,cresh06,BUDS_LAB,54.902,28.0,41.0,24.7882,28.125,10.45
68.0,9.0,11.0,10.0,cresh01,ENERGY_LAB_1,66.3051,33.0,47.0,26.4581,30.625,10.47
59.0,10.0,10.0,9.0,cresh06,BUILDING_MATERIALS_LAB,52.4676,70.0,45.0,24.5523,27.875,11.0
74.0,9.0,10.0,10.0,cresh01,ENERGY_LAB_1,66.8635,35.0,48.0,26.2949,30.5,11.2
61.0,10.0,10.0,10.0,cresh05,IRC_LIBRARY_1,60.6297,112.0,49.0,26.8604,28.875,11.5
72.0,10.0,10.0,10.0,cresh05,IRC_LIBRARY_1,60.4484,118.0,50.0,26.9193,28.75,11.14
60.0,10.0,10.0,9.0,cresh06,BUILDING_MATERIALS_LAB,52.4213,64.0,44.0,24.4765,27.375,11.15
70.0,9.0,10.0,10.0,cresh01,ENERGY_LAB_1,66.6469,38.0,49.0,26.2644,30.5,11.17
59.0,10.0,10.0,10.0,cresh05,IRC_LIBRARY_1,60.3961,114.0,50.0,26.9193,29.25,11.19
64.0,10.0,10.0,10.0,cresh01,ENERGY_LAB_1,66.535,34.0,49.0,26.2812,30.25,11.32
68.0,10.0,10.0,9.0,cresh05,IRC_LIBRARY_1,60.1953,133.0,49.0,26.8919,28.75,11.43
63.0,9.0,10.0,10.0,cresh01,ENERGY_LAB_1,66.1396,41.0,48.0,26.3686,30.5,11.48
74.0,10.0,10.0,9.0,cresh05,IRC_LIBRARY_1,60.0396,128.0,52.0,26.9341,28.75,11.51
110.0,10.0,10.0,10.0,cresh05,BUDS_LAB,56.5444,244.0,42.0,26.3434,29.25,11.55
59.0,9.0,10.0,10.0,cresh01,ENERGY_LAB_1,65.861,46.0,46.0,26.4581,30.125,12.3
72.0,10.0,,10.0,cresh10,EXECUTIVE_SEMINAR_ROOM_A,85.0352,44.0,46.0,25.2641,30.625,12.13
60.0,9.0,10.0,10.0,cresh01,ENERGY_LAB_1,65.7722,46.0,46.0,26.4413,30.375,12.18
93.0,9.0,10.0,10.0,cresh13,NEAR_DIC_STUDIO_1,60.0311,46.0,47.0,26.4834,29.375,12.19
59.0,9.0,10.0,10.0,cresh01,ENERGY_LAB_1,65.7953,48.0,46.0,26.4581,30.0,12.33
87.0,10.0,10.0,10.0,cresh10,EXECUTIVE_SEMINAR_ROOM_A,85.9189,45.0,44.0,25.4091,29.375,12.34
76.0,10.0,10.0,10.0,cresh07,EXECUTIVE_SEMINAR_ROOM_A,83.84700000000001,46.0,45.0,25.3059,28.75,12.35
74.0,10.0,10.0,10.0,cresh07,EXECUTIVE_SEMINAR_ROOM_A,80.7284,44.0,46.0,24.8073,28.75,12.39
112.0,11.0,10.0,10.0,cresh03,IRC_LIBRARY_1,59.3717,157.0,49.0,26.9509,30.375,12.40
64.0,10.0,10.0,10.0,cresh01,ENERGY_LAB_1,65.4328,49.0,45.0,26.5455,30.25,12.48
76.0,10.0,10.0,10.0,cresh10,EXECUTIVE_SEMINAR_ROOM_A,86.7456,43.0,46.0,25.3945,29.375,12.50
81.0,11.0,10.0,10.0,cresh03,IRC_LIBRARY_1,59.1345,159.0,46.0,27.0373,28.75,12.56
75.0,10.0,10.0,10.0,cresh07,EXECUTIVE_SEMINAR_ROOM_A,79.721,45.0,45.0,24.8657,28.0,13.0
59.0,10.0,10.0,10.0,cresh01,ENERGY_LAB_1,65.5216,50.0,46.0,26.5003,30.25,13.4
80.0,10.0,10.0,10.0,cresh10,EXECUTIVE_SEMINAR_ROOM_A,81.9809,43.0,44.0,25.1025,29.0,13.4
77.0,10.0,10.0,10.0,cresh07,EXECUTIVE_SEMINAR_ROOM_A,84.1479,44.0,44.0,25.3945,28.125,13.10
71.0,10.0,10.0,10.0,cresh03,IRC_LIBRARY_1,58.9775,166.0,47.0,27.0373,28.375,13.13
75.0,10.0,10.0,10.0,cresh10,EXECUTIVE_SEMINAR_ROOM_A,78.08800000000001,44.0,46.0,25.189,28.625,13.17
64.0,10.0,10.0,10.0,cresh01,ENERGY_LAB_1,65.2186,51.0,47.0,26.5003,30.25,13.19
83.0,10.0,10.0,10.0,cresh03,IRC_LIBRARY_1,58.8814,171.0,47.0,27.0688,28.5,13.25
77.0,10.0,10.0,10.0,cresh07,EXECUTIVE_SEMINAR_ROOM_A,81.8262,43.0,45.0,25.3225,27.25,13.26
62.0,10.0,10.0,11.0,cresh01,ENERGY_LAB_1,65.2247,51.0,49.0,26.5929,30.125,13.34
81.0,10.0,10.0,10.0,cresh07,EXECUTIVE_SEMINAR_ROOM_A,77.1841,44.0,46.0,25.3361,28.125,13.35
82.0,11.0,10.0,10.0,cresh03,IRC_LIBRARY_1,58.6916,181.0,54.0,27.1731,28.375,13.39
101.0,10.0,,10.0,cresh08,BUILDING_MATERIALS_LAB,52.0551,71.0,44.0,24.8787,31.375,13.40
76.0,10.0,10.0,11.0,cresh10,EXECUTIVE_SEMINAR_ROOM_A,77.0294,44.0,55.0,24.9857,28.375,13.40
78.0,10.0,,11.0,cresh08,BUILDING_MATERIALS_LAB,51.8751,72.0,44.0,24.9377,30.125,13.43
79.0,10.0,,11.0,cresh08,BUILDING_MATERIALS_LAB,51.8313,71.0,44.0,24.9377,29.75,13.44
89.0,10.0,11.0,11.0,cresh13,OPEN_EXHIBITION_SPACE_2,70.2505,186.0,68.0,30.6699,29.625,13.44
74.0,11.0,10.0,10.0,cresh03,IRC_LIBRARY_1,58.6758,194.0,47.0,27.1868,28.5,13.47
79.0,10.0,11.0,11.0,cresh08,OUTSIDE_RESTROOM,74.8674,52.0,65.0,30.9005,30.75,13.50
73.0,10.0,10.0,10.0,cresh10,EXECUTIVE_SEMINAR_ROOM_A,77.309,44.0,45.0,25.2057,28.25,13.55
91.0,10.0,10.0,10.0,cresh04,CAFE,67.3443,90.0,65.0,29.5592,29.375,13.59
64.0,10.0,10.0,10.0,cresh08,EXECUTIVE_SEMINAR_ROOM_A,78.8159,44.0,46.0,25.2641,28.875,13.59
87.0,10.0,10.0,10.0,cresh14,NEAR_DIC_STUDIO_1,59.4459,45.0,47.0,26.6635,29.875,14.0
77.0,11.0,10.0,10.0,cresh03,IRC_LIBRARY_1,58.6247,215.0,50.0,27.2005,28.5,14.1
91.0,10.0,10.0,10.0,cresh05,IRC_LIBRARY_1,58.6916,224.0,53.0,27.2626,29.375,14.6
111.0,10.0,10.0,11.0,cresh11,IRC_LIBRARY_1,58.6916,224.0,53.0,27.2626,32.25,14.6
70.0,10.0,10.0,10.0,cresh10,EXECUTIVE_SEMINAR_ROOM_A,78.54,46.0,46.0,25.1609,28.25,14.10
75.0,10.0,10.0,10.0,cresh08,EXECUTIVE_SEMINAR_ROOM_A,78.54,46.0,46.0,25.1609,26.625,14.10
100.0,10.0,10.0,10.0,cresh14,NEAR_DIC_STUDIO_1,59.5274,46.0,51.0,26.7982,27.875,14.16
114.0,11.0,10.0,10.0,cresh03,IRC_LIBRARY_1,58.5493,240.0,49.0,27.2763,29.875,14.17
87.0,10.0,10.0,10.0,cresh08,HOT_DESKING_ARCHITECTURE_STUDIO_SPACE_1,69.6409,1292.0,47.0,26.2949,28.625,14.19
78.0,10.0,11.0,10.0,cresh10,HOT_DESKING_ARCHITECTURE_STUDIO_SPACE_1,69.6409,1292.0,47.0,26.2949,28.625,14.19
117.0,11.0,10.0,10.0,cresh03,IRC_LIBRARY_1,58.5943,243.0,49.0,27.2763,29.125,14.19
77.0,10.0,10.0,10.0,cresh08,HOT_DESKING_ARCHITECTURE_STUDIO_SPACE_1,69.793,1292.0,45.0,26.2812,28.25,14.22
83.0,10.0,10.0,10.0,cresh10,HOT_DESKING_ARCHITECTURE_STUDIO_SPACE_1,69.6239,1292.0,44.0,26.2949,28.75,14.24
80.0,10.0,10.0,10.0,cresh10,HOT_DESKING_ARCHITECTURE_STUDIO_SPACE_1,69.4293,1291.0,46.0,26.3686,28.875,14.27
127.0,11.0,10.0,10.0,cresh03,IRC_LIBRARY_1,58.4094,251.0,50.0,27.3521,28.5,14.30
74.0,10.0,10.0,10.0,cresh10,EXECUTIVE_SEMINAR_ROOM_A,78.6601,43.0,45.0,25.2777,28.375,14.40
83.0,11.0,10.0,10.0,cresh03,IRC_LIBRARY_1,58.086999999999996,273.0,49.0,27.4984,29.875,14.40
90.0,10.0,10.0,10.0,cresh13,NEAR_DIC_STUDIO_1,59.7805,47.0,51.0,26.8404,28.0,14.41
70.0,10.0,10.0,9.0,cresh07,EXECUTIVE_SEMINAR_ROOM_A,78.7719,44.0,47.0,25.0441,28.375,14.42
84.0,10.0,10.0,10.0,cresh03,IRC_LIBRARY_1,58.0967,276.0,46.0,27.4984,29.125,14.47
88.0,10.0,10.0,10.0,cresh14,NEAR_DIC_STUDIO_1,59.4885,46.0,53.0,26.8267,27.625,14.48
80.0,10.0,10.0,10.0,cresh07,EXECUTIVE_SEMINAR_ROOM_A,84.3275,45.0,45.0,25.3361,28.375,14.53
67.0,10.0,10.0,10.0,cresh10,EXECUTIVE_SEMINAR_ROOM_A,84.43700000000001,45.0,47.0,25.4091,28.125,14.55
98.0,10.0,11.0,11.0,cresh12,CAFE,64.5801,100.0,69.0,29.5144,32.375,14.55
86.0,10.0,10.0,10.0,cresh04,IRC_LIBRARY_1,58.2099,303.0,48.0,27.5437,29.125,15.0
79.0,10.0,10.0,9.0,cresh07,EXECUTIVE_SEMINAR_ROOM_A,78.5875,44.0,44.0,24.6759,27.5,15.3
65.0,10.0,10.0,10.0,cresh10,EXECUTIVE_SEMINAR_ROOM_A,84.6344,45.0,45.0,25.2057,27.625,15.10
99.0,11.0,10.0,11.0,cresh11,IRC_LIBRARY_1,58.0967,322.0,48.0,27.6616,32.125,15.12
94.0,10.0,10.0,10.0,cresh04,IRC_LIBRARY_1,58.0967,322.0,48.0,27.6616,29.0,15.12
113.0,10.0,10.0,11.0,cresh05,IRC_LIBRARY_1,58.0967,322.0,48.0,27.6616,31.875,15.12
67.0,10.0,11.0,10.0,cresh12,CAFE,68.6883,106.0,67.0,29.4998,31.5,15.13
76.0,10.0,10.0,9.0,cresh14,NEAR_DIC_STUDIO_1,59.1381,45.0,50.0,26.7982,27.625,15.13
73.0,10.0,10.0,10.0,cresh07,EXECUTIVE_SEMINAR_ROOM_A,86.7146,43.0,45.0,25.5426,28.125,15.14
78.0,10.0,10.0,11.0,cresh05,IRC_LIBRARY_1,58.1965,323.0,49.0,27.7522,30.5,15.19
88.0,10.0,10.0,10.0,cresh04,IRC_LIBRARY_1,58.2245,338.0,49.0,27.7206,28.5,15.23
75.0,10.0,10.0,10.0,cresh07,EXECUTIVE_SEMINAR_ROOM_A,82.4602,45.0,44.0,24.8657,28.125,15.24
66.0,10.0,10.0,10.0,cresh10,EXECUTIVE_SEMINAR_ROOM_A,82.4602,45.0,44.0,24.8657,28.125,15.25
68.0,10.0,11.0,10.0,cresh12,OPEN_EXHIBITION_SPACE_2,74.8759,278.0,67.0,30.6257,31.5,15.32
88.0,10.0,10.0,10.0,cresh04,IRC_LIBRARY_1,58.1685,361.0,50.0,27.7522,28.5,15.33
102.0,10.0,10.0,10.0,cresh14,NEAR_DIC_STUDIO_1,59.4946,46.0,53.0,26.8719,27.625,15.34
100.0,10.0,10.0,11.0,cresh09,BUDS_LAB,54.8509,208.0,42.0,24.6702,28.5,15.34
77.0,10.0,11.0,10.0,cresh07,TERRACE,78.7629,99.0,68.0,30.1919,28.5,15.34
89.0,10.0,10.0,11.0,cresh11,IRC_LIBRARY_1,58.2962,358.0,47.0,27.7375,30.125,15.38
67.0,10.0,10.0,9.0,cresh10,EXECUTIVE_SEMINAR_ROOM_A,81.115,45.0,44.0,24.7937,28.0,15.40
76.0,10.0,10.0,10.0,cresh05,IRC_LIBRARY_1,58.4495,363.0,56.0,27.7659,30.5,15.40
82.0,10.0,10.0,10.0,cresh04,IRC_LIBRARY_1,58.2707,365.0,54.0,27.7659,30.625,15.42
79.0,10.0,10.0,10.0,cresh07,EXECUTIVE_SEMINAR_ROOM_A,86.7908,44.0,45.0,25.1025,28.75,15.44
77.0,10.0,11.0,11.0,cresh12,OPEN_EXHIBITION_SPACE_2,78.078,297.0,65.0,29.9423,31.875,15.48
82.0,10.0,10.0,10.0,cresh11,IRC_LIBRARY_1,58.2245,393.0,52.0,27.8112,30.25,15.49
70.0,10.0,10.0,10.0,cresh05,IRC_LIBRARY_1,58.0481,393.0,49.0,27.8722,30.125,15.51
83.0,10.0,10.0,10.0,cresh04,IRC_LIBRARY_1,58.0517,394.0,50.0,27.8722,28.75,15.53
109.0,10.0,10.0,10.0,cresh07,OPEN_EXHIBITION_SPACE_2,77.3213,302.0,64.0,29.7338,29.0,15.54
90.0,10.0,10.0,10.0,cresh09,BUDS_LAB,57.6004,157.0,42.0,23.7173,27.625,15.58
85.0,10.0,10.0,10.0,cresh04,IRC_LIBRARY_1,57.7755,411.0,53.0,27.9596,28.75,16.2
92.0,10.0,10.0,10.0,cresh14,NEAR_DIC_STUDIO_1,59.2938,44.0,55.0,26.9172,27.75,16.4
80.0,10.0,10.0,10.0,cresh07,IRC_LIBRARY_1,57.7196,430.0,48.0,27.9912,30.0,16.7
76.0,10.0,10.0,10.0,cresh04,IRC_LIBRARY_1,57.5797,440.0,52.0,28.0218,28.75,16.16
90.0,9.0,11.0,10.0,cresh13,NEAR_DIC_STUDIO_1,59.4009,41.0,56.0,26.8856,28.25,16.19
76.0,10.0,10.0,10.0,cresh07,IRC_LIBRARY_1,57.7232,468.0,50.0,28.0049,29.875,16.22
91.0,9.0,10.0,11.0,cresh05,EXECUTIVE_SEMINAR_ROOM_A,88.5249,13.0,51.0,25.0722,30.375,16.22
91.0,9.0,10.0,10.0,cresh11,EXECUTIVE_SEMINAR_ROOM_A,88.5249,13.0,51.0,25.0722,29.625,16.22
84.0,10.0,10.0,9.0,cresh14,NEAR_DIC_STUDIO_1,59.1892,41.0,48.0,26.8719,27.5,16.25
70.0,9.0,10.0,11.0,cresh05,EXECUTIVE_SEMINAR_ROOM_A,87.4366,14.0,48.0,25.4362,30.0,16.26
90.0,10.0,10.0,10.0,cresh04,EXECUTIVE_SEMINAR_ROOM_A,87.5579,14.0,48.0,25.5124,28.75,16.27
76.0,10.0,10.0,10.0,cresh07,IRC_LIBRARY_1,57.3996,1294.0,48.0,28.2271,30.0,16.33
84.0,11.0,10.0,10.0,cresh11,IRC_LIBRARY_1,56.9848,1294.0,49.0,28.3903,29.875,16.34
77.0,10.0,10.0,10.0,cresh07,IRC_LIBRARY_1,55.9373,1294.0,48.0,28.7051,30.125,16.42
68.0,11.0,10.0,10.0,cresh11,IRC_LIBRARY_1,56.3606,1294.0,50.0,28.5703,29.875,16.45
69.0,10.0,10.0,10.0,cresh05,IRC_LIBRARY_1,56.4531,1294.0,49.0,28.5114,29.875,16.45
76.0,10.0,10.0,10.0,cresh07,IRC_LIBRARY_1,56.5723,1294.0,50.0,28.4966,30.125,16.50
68.0,10.0,10.0,10.0,cresh05,IRC_LIBRARY_1,56.4495,1294.0,50.0,28.5282,30.0,16.53
77.0,11.0,10.0,10.0,cresh11,IRC_LIBRARY_1,56.6332,1294.0,50.0,28.4798,30.0,16.55
98.0,10.0,10.0,10.0,cresh14,NEAR_DIC_STUDIO_1,59.3827,37.0,52.0,26.9004,27.5,17.0
99.0,10.0,10.0,10.0,cresh14,NEAR_DIC_STUDIO_1,59.3827,37.0,52.0,26.9004,27.875,17.0
81.0,10.0,10.0,10.0,cresh07,IRC_LIBRARY_1,57.4738,424.0,51.0,28.1818,29.875,17.6
71.0,10.0,10.0,10.0,cresh07,IRC_LIBRARY_1,57.4385,337.0,50.0,28.1681,29.625,17.10
76.0,11.0,10.0,10.0,cresh11,OPEN_EXHIBITION_SPACE_2,77.9186,253.0,67.0,29.7654,29.25,17.23
86.0,10.0,10.0,9.0,cresh14,NEAR_DIC_STUDIO_1,59.0603,36.0,53.0,26.8572,27.5,17.42
63.0,10.0,10.0,10.0,cresh05,IRC_LIBRARY_1,57.205,133.0,48.0,28.0502,29.75,18.5
99.0,10.0,10.0,9.0,cresh14,NEAR_DIC_STUDIO_1,58.9423,74.0,58.0,26.8856,27.75,18.7
89.0,10.0,11.0,10.0,cresh13,NEAR_DIC_STUDIO_1,58.9033,70.0,57.0,26.813000000000002,28.125,18.22
57.0,10.0,10.0,10.0,cresh05,IRC_LIBRARY_1,57.2609,178.0,46.0,27.8385,29.75,19.1
93.0,10.0,10.0,10.0,cresh05,OPEN_EXHIBITION_SPACE_2,77.6437,97.0,67.0,28.843000000000004,30.5,19.14
102.0,10.0,10.0,9.0,cresh14,NEAR_DIC_STUDIO_1,59.6795,61.0,45.0,26.456,27.0,20.28
88.0,10.0,10.0,10.0,cresh14,NEAR_DIC_STUDIO_1,66.1676,63.0,44.0,26.8856,27.375,20.44
115.0,10.0,10.0,10.0,cresh14,NEAR_DIC_STUDIO_1,65.7722,62.0,45.0,27.0488,28.375,20.57
90.0,10.0,10.0,10.0,cresh14,NEAR_DIC_STUDIO_1,66.3963,62.0,45.0,27.3468,29.375,21.50
77.0,10.0,10.0,10.0,cresh14,NEAR_DIC_STUDIO_1,66.8562,63.0,44.0,27.4205,30.125,22.6
78.0,10.0,10.0,10.0,cresh14,NEAR_DIC_STUDIO_1,67.9389,62.0,45.0,27.6143,30.375,22.56
79.0,10.0,10.0,10.0,cresh14,NEAR_DIC_STUDIO_1,68.2066,63.0,45.0,27.6143,30.125,23.10
75.0,10.0,10.0,10.0,cresh14,NEAR_DIC_STUDIO_1,68.1835,62.0,45.0,27.5974,30.125,23.12
81.0,10.0,,10.0,cresh14,NEAR_DIC_STUDIO_1,68.4937,61.0,45.0,27.628,30.125,23.23
102.0,10.0,10.0,9.0,cresh14,NEAR_DIC_STUDIO_1,68.7747,63.0,45.0,27.7322,29.5,23.43
93.0,10.0,10.0,10.0,cresh14,NEAR_DIC_STUDIO_1,68.9025,62.0,48.0,27.7606,30.0,23.59
85.0,10.0,10.0,10.0,cresh14,NEAR_DIC_STUDIO_1,69.2018,62.0,47.0,27.7743,30.375,0.21
85.0,10.0,10.0,10.0,cresh14,NEAR_DIC_STUDIO_1,69.3125,62.0,45.0,27.8196,30.125,0.45
88.0,10.0,10.0,11.0,cresh13,NEAR_DIC_STUDIO_1,62.38399999999999,51.0,49.0,26.9899,29.875,10.57
102.0,10.0,11.0,10.0,cresh13,NEAR_DIC_STUDIO_1,68.9244,38.0,52.0,27.1952,29.875,14.45
75.0,10.0,10.0,10.0,cresh14,NEAR_DIC_STUDIO_1,65.7503,73.0,48.0,27.51,31.25,17.24
85.0,10.0,10.0,11.0,cresh13,NEAR_DIC_STUDIO_1,72.9659,61.0,46.0,28.3671,31.625,22.32
100.0,9.0,10.0,11.0,cresh15,IRC_LIBRARY_1,59.0055,130.0,46.0,27.4121,29.375,11.10
69.0,11.0,10.0,11.0,cresh15,IRC_LIBRARY_1,58.6758,292.0,49.0,27.4563,29.625,11.33
71.0,10.0,10.0,10.0,cresh15,IRC_LIBRARY_1,58.7865,293.0,46.0,27.4258,29.375,11.50
72.0,10.0,10.0,9.0,cresh15,IRC_LIBRARY_1,58.57,292.0,47.0,27.4121,29.375,12.8
93.0,10.0,10.0,10.0,cresh14,EXECUTIVE_SEMINAR_ROOM_B,63.6488,1294.0,48.0,27.6338,28.125,14.9
97.0,10.0,10.0,10.0,cresh14,EXECUTIVE_SEMINAR_ROOM_B,63.4419,48.0,47.0,27.6203,28.125,14.27
69.0,9.0,11.0,10.0,cresh13,NEAR_DIC_STUDIO_1,57.6077,84.0,52.0,27.3774,28.75,14.28
103.0,10.0,11.0,9.0,cresh14,EXECUTIVE_SEMINAR_ROOM_A,71.2038,16.0,44.0,24.8939,27.625,14.44
86.0,10.0,10.0,9.0,cresh14,EXECUTIVE_SEMINAR_ROOM_A,75.2382,17.0,45.0,25.0889,26.25,15.18
66.0,10.0,10.0,10.0,cresh06,BUILDING_MATERIALS_LAB,52.661,59.0,45.0,24.7597,29.0,15.22
90.0,10.0,10.0,10.0,cresh04,IRC_LIBRARY_1,57.0432,360.0,46.0,28.0944,29.375,15.32
84.0,10.0,10.0,10.0,cresh14,EXECUTIVE_SEMINAR_ROOM_A,72.8535,15.0,45.0,24.8793,28.375,15.33
68.0,10.0,10.0,10.0,cresh06,BUILDING_MATERIALS_LAB,52.4286,59.0,45.0,24.7597,29.125,15.37
90.0,10.0,10.0,10.0,cresh04,IRC_LIBRARY_1,56.9884,387.0,46.0,28.0944,29.625,15.44
68.0,10.0,10.0,10.0,cresh06,BUILDING_MATERIALS_LAB,52.1756,59.0,46.0,24.9229,28.75,15.52
87.0,10.0,10.0,10.0,cresh04,IRC_LIBRARY_1,56.8558,408.0,52.0,28.1534,29.375,15.54
68.0,10.0,10.0,10.0,cresh06,BUILDING_MATERIALS_LAB,52.2948,59.0,45.0,24.9377,29.0,16.7
89.0,10.0,10.0,10.0,cresh14,EXECUTIVE_SEMINAR_ROOM_B,63.4514,122.0,50.0,27.8101,28.75,16.31
83.0,10.0,10.0,10.0,cresh04,IRC_LIBRARY_1,55.6368,1294.0,48.0,28.8367,29.0,16.38
81.0,10.0,10.0,10.0,cresh04,IRC_LIBRARY_1,56.1356,1256.0,54.0,28.6883,29.125,16.46
83.0,10.0,10.0,10.0,cresh14,EXECUTIVE_SEMINAR_ROOM_A,80.2646,15.0,45.0,25.5124,29.375,16.47
68.0,10.0,10.0,10.0,cresh06,BUILDING_MATERIALS_LAB,52.3654,58.0,45.0,24.7461,28.5,16.52
86.0,10.0,10.0,10.0,cresh14,EXECUTIVE_SEMINAR_ROOM_B,64.3006,38.0,48.0,27.7507,29.875,17.7
86.0,10.0,10.0,10.0,cresh14,EXECUTIVE_SEMINAR_ROOM_B,64.1769,51.0,49.0,27.5316,30.125,17.36
87.0,10.0,10.0,10.0,cresh14,EXECUTIVE_SEMINAR_ROOM_B,63.5513,66.0,50.0,27.5619,29.0,17.45
85.0,10.0,10.0,10.0,cresh14,EXECUTIVE_SEMINAR_ROOM_B,62.3679,19.0,48.0,27.6923,29.375,18.7
79.0,10.0,11.0,11.0,cresh13,NEAR_DIC_STUDIO_1,56.475,61.0,52.0,27.3015,28.75,19.5
85.0,10.0,10.0,11.0,cresh13,NEAR_DIC_STUDIO_1,65.9376,60.0,53.0,28.2355,30.375,22.14
66.0,10.0,10.0,10.0,cresh06,BUILDING_MATERIALS_LAB,53.8362,63.0,45.0,24.2396,27.25,10.29
61.0,10.0,10.0,10.0,cresh06,BUILDING_MATERIALS_LAB,53.7073,60.0,45.0,24.3586,28.125,10.46
58.0,10.0,10.0,10.0,cresh06,BUILDING_MATERIALS_LAB,52.9907,61.0,46.0,24.3301,28.25,11.1
58.0,10.0,10.0,10.0,cresh06,BUDS_LAB,54.9287,193.0,42.0,23.273000000000003,28.125,11.16
60.0,10.0,10.0,9.0,cresh06,BUILDING_MATERIALS_LAB,52.2839,70.0,44.0,24.566,28.125,11.31
59.0,10.0,10.0,9.0,cresh06,BUILDING_MATERIALS_LAB,52.3155,69.0,44.0,24.9967,27.5,11.46
60.0,10.0,10.0,9.0,cresh06,BUILDING_MATERIALS_LAB,51.9529,70.0,45.0,25.0272,27.625,12.1
64.0,10.0,10.0,9.0,cresh06,BUILDING_MATERIALS_LAB,52.2376,66.0,46.0,25.1599,27.875,12.16
62.0,10.0,10.0,9.0,cresh06,BUDS_LAB,57.121,224.0,42.0,22.8423,27.75,12.31
83.0,10.0,10.0,10.0,cresh13,NEAR_DIC_STUDIO_1,56.7317,95.0,48.0,27.1668,29.125,12.37
59.0,10.0,10.0,9.0,cresh06,BUDS_LAB,56.2098,224.0,42.0,23.5847,27.5,12.46
63.0,10.0,10.0,9.0,cresh06,BUILDING_MATERIALS_LAB,52.7218,65.0,44.0,24.3891,27.25,13.1
90.0,9.0,10.0,11.0,cresh12,OPEN_EXHIBITION_SPACE_2,64.2004,225.0,66.0,30.7573,31.75,13.9
85.0,10.0,10.0,11.0,cresh13,IRC_LIBRARY_1,56.9288,232.0,50.0,27.9596,29.375,13.10
88.0,9.0,10.0,11.0,cresh12,OPEN_EXHIBITION_SPACE_2,64.3342,202.0,66.0,30.6983,31.5,13.13
66.0,10.0,10.0,9.0,cresh06,BUILDING_MATERIALS_LAB,52.7389,62.0,45.0,24.2849,27.5,13.31
64.0,9.0,11.0,11.0,cresh12,OPEN_EXHIBITION_SPACE_2,74.7591,213.0,69.0,29.8518,31.875,13.33
72.0,10.0,10.0,10.0,cresh08,OPEN_EXHIBITION_SPACE_2,73.4854,202.0,69.0,29.8518,30.125,13.38
78.0,10.0,10.0,11.0,cresh08,OPEN_EXHIBITION_SPACE_2,75.51100000000001,202.0,69.0,29.7791,30.25,13.40
68.0,10.0,11.0,11.0,cresh12,OPEN_EXHIBITION_SPACE_2,74.8674,197.0,66.0,29.8665,31.75,13.50
91.0,10.0,10.0,10.0,cresh08,CAFE,66.5783,90.0,66.0,28.971,31.25,13.51
86.0,10.0,11.0,10.0,cresh08,CAFE,67.2753,88.0,68.0,28.9845,30.375,14.1
60.0,10.0,10.0,9.0,cresh06,BUILDING_MATERIALS_LAB,52.2899,63.0,45.0,24.4344,28.125,14.1
59.0,10.0,10.0,9.0,cresh06,BUILDING_MATERIALS_LAB,52.4822,66.0,45.0,24.4028,28.25,14.16
83.0,10.0,10.0,10.0,cresh08,OPEN_EXHIBITION_SPACE_2,71.0571,234.0,70.0,30.0466,30.0,14.17
94.0,10.0,10.0,10.0,cresh12,EXECUTIVE_SEMINAR_ROOM_A,77.0794,25.0,46.0,25.3225,28.5,14.20
85.0,10.0,11.0,10.0,cresh08,OPEN_EXHIBITION_SPACE_2,69.6203,238.0,70.0,30.5383,29.625,14.26
77.0,10.0,10.0,10.0,cresh12,EXECUTIVE_SEMINAR_ROOM_A,77.7336,26.0,45.0,25.3945,27.875,14.36
82.0,10.0,10.0,10.0,cresh08,OPEN_EXHIBITION_SPACE_2,69.9925,246.0,70.0,30.4762,29.0,14.39
76.0,10.0,11.0,11.0,cresh08,OPEN_EXHIBITION_SPACE_2,69.9366,248.0,69.0,30.7741,28.875,14.48
69.0,10.0,10.0,10.0,cresh12,EXECUTIVE_SEMINAR_ROOM_A,76.3348,25.0,45.0,25.4091,27.25,14.50
79.0,10.0,11.0,10.0,cresh08,OPEN_EXHIBITION_SPACE_2,70.8794,240.0,70.0,30.6699,30.125,14.58
85.0,10.0,10.0,11.0,cresh13,NEAR_DIC_STUDIO_1,56.9373,89.0,56.0,27.1952,29.875,15.0
93.0,10.0,11.0,10.0,cresh08,OPEN_EXHIBITION_SPACE_2,72.1082,251.0,70.0,30.4762,30.75,15.7
63.0,10.0,10.0,10.0,cresh12,EXECUTIVE_SEMINAR_ROOM_A,78.81,26.0,47.0,25.2339,27.0,15.7
66.0,10.0,10.0,10.0,cresh12,EXECUTIVE_SEMINAR_ROOM_A,82.7373,26.0,47.0,25.6897,27.0,15.13
93.0,10.0,10.0,10.0,cresh08,EXECUTIVE_SEMINAR_ROOM_A,83.9731,26.0,48.0,25.9244,29.25,15.16
69.0,10.0,10.0,10.0,cresh12,EXECUTIVE_SEMINAR_ROOM_A,77.0247,26.0,45.0,25.381,26.75,15.23
,10.0,11.0,10.0,cresh03,OPEN_EXHIBITION_SPACE_2,70.6227,244.0,66.0,30.6699,29.875,15.29
72.0,10.0,10.0,10.0,cresh08,EXECUTIVE_SEMINAR_ROOM_A,81.4147,25.0,48.0,25.7909,25.875,15.37
83.0,10.0,10.0,10.0,cresh12,EXECUTIVE_SEMINAR_ROOM_A,77.4279,26.0,50.0,25.2777,29.125,15.43
,10.0,11.0,10.0,cresh03,OPEN_EXHIBITION_SPACE_2,70.4269,273.0,70.0,30.9658,30.375,15.50
61.0,10.0,10.0,10.0,cresh08,EXECUTIVE_SEMINAR_ROOM_A,83.2916,25.0,53.0,25.8347,25.625,15.51
68.0,10.0,10.0,10.0,cresh12,EXECUTIVE_SEMINAR_ROOM_A,78.2985,25.0,55.0,25.3225,26.875,16.0
63.0,10.0,10.0,10.0,cresh08,EXECUTIVE_SEMINAR_ROOM_A,80.0422,26.0,47.0,25.3945,25.25,16.1
,10.0,11.0,10.0,cresh03,OPEN_EXHIBITION_SPACE_2,68.6847,298.0,66.0,30.7436,29.5,16.7
66.0,10.0,10.0,10.0,cresh08,EXECUTIVE_SEMINAR_ROOM_A,81.0115,25.0,47.0,25.7627,25.5,16.10
59.0,10.0,10.0,10.0,cresh12,EXECUTIVE_SEMINAR_ROOM_A,77.3851,25.0,46.0,25.2641,26.5,16.15
,10.0,11.0,10.0,cresh03,CAFE,64.6336,130.0,64.0,29.6448,30.125,16.20
60.0,10.0,10.0,10.0,cresh12,EXECUTIVE_SEMINAR_ROOM_A,78.0047,25.0,47.0,25.3643,26.5,16.31
70.0,10.0,11.0,10.0,cresh03,OPEN_EXHIBITION_SPACE_2,68.7832,255.0,72.0,30.6109,30.125,16.35
67.0,10.0,10.0,10.0,cresh12,EXECUTIVE_SEMINAR_ROOM_A,77.9084,25.0,45.0,25.3507,26.375,16.50
55.0,10.0,10.0,10.0,cresh08,EXECUTIVE_SEMINAR_ROOM_A,78.5816,25.0,46.0,25.4811,24.875,16.52
,10.0,11.0,10.0,cresh03,OPEN_EXHIBITION_SPACE_2,74.438,203.0,65.0,30.254,29.625,16.56
57.0,10.0,10.0,10.0,cresh08,EXECUTIVE_SEMINAR_ROOM_A,82.4852,25.0,47.0,25.7627,25.125,16.56
64.0,10.0,10.0,9.0,cresh12,EXECUTIVE_SEMINAR_ROOM_A,78.2926,25.0,49.0,25.4811,26.875,17.2
62.0,10.0,10.0,10.0,cresh08,EXECUTIVE_SEMINAR_ROOM_A,76.5251,24.0,50.0,25.3945,25.125,17.3
61.0,10.0,10.0,10.0,cresh08,EXECUTIVE_SEMINAR_ROOM_A,83.0156,24.0,46.0,25.7178,25.25,17.12
92.0,10.0,10.0,10.0,cresh12,EXECUTIVE_SEMINAR_ROOM_A,83.2369,25.0,48.0,25.7763,27.875,17.13
54.0,10.0,10.0,10.0,cresh12,EXECUTIVE_SEMINAR_ROOM_A,78.6054,24.0,49.0,25.3643,27.0,17.18
77.0,10.0,10.0,10.0,cresh08,EXECUTIVE_SEMINAR_ROOM_A,78.2605,24.0,45.0,25.189,24.875,17.21
62.0,10.0,10.0,9.0,cresh12,EXECUTIVE_SEMINAR_ROOM_A,79.5509,24.0,46.0,25.4957,26.5,17.32
59.0,10.0,10.0,10.0,cresh08,EXECUTIVE_SEMINAR_ROOM_A,78.7196,24.0,45.0,25.3059,24.875,17.41
64.0,10.0,10.0,9.0,cresh12,EXECUTIVE_SEMINAR_ROOM_A,81.7037,24.0,45.0,25.7178,26.5,17.47
58.0,10.0,10.0,10.0,cresh08,EXECUTIVE_SEMINAR_ROOM_A,83.0085,25.0,45.0,25.8075,25.25,17.50
53.0,11.0,10.0,10.0,cresh08,EXECUTIVE_SEMINAR_ROOM_A,80.1456,22.0,50.0,25.2641,25.125,17.59
59.0,10.0,10.0,10.0,cresh08,EXECUTIVE_SEMINAR_ROOM_A,81.4742,24.0,47.0,25.6594,25.25,18.8
94.0,10.0,10.0,11.0,cresh13,NEAR_DIC_STUDIO_1,58.0846,60.0,54.0,27.1531,29.25,19.6
69.0,10.0,10.0,10.0,cresh11,IRC_LIBRARY_1,59.5737,104.0,50.0,27.1278,30.875,11.5
110.0,10.0,10.0,10.0,cresh04,IRC_LIBRARY_1,59.5737,104.0,50.0,27.1278,30.125,11.5
84.0,10.0,10.0,10.0,cresh11,IRC_LIBRARY_1,59.7184,152.0,48.0,27.111,29.75,11.15
84.0,10.0,10.0,10.0,cresh11,IRC_LIBRARY_1,59.5299,135.0,49.0,27.1731,29.125,11.27
78.0,10.0,10.0,9.0,cresh11,IRC_LIBRARY_1,59.3729,123.0,53.0,27.2342,29.25,11.36
75.0,10.0,10.0,10.0,cresh11,IRC_LIBRARY_1,59.4046,139.0,49.0,27.2173,28.875,11.46
78.0,10.0,10.0,10.0,cresh10,EXECUTIVE_SEMINAR_ROOM_A,66.0692,38.0,56.0,26.3645,28.125,11.50
73.0,10.0,10.0,10.0,cresh11,IRC_LIBRARY_1,59.2318,142.0,49.0,27.2626,28.75,11.56
95.0,10.0,10.0,11.0,cresh09,OPEN_EXHIBITION_SPACE_2,78.179,138.0,66.0,29.4948,31.25,11.58
101.0,10.0,11.0,11.0,cresh06,OPEN_EXHIBITION_SPACE_2,77.7726,142.0,65.0,29.4643,30.5,11.58
90.0,10.0,11.0,11.0,cresh06,OPEN_EXHIBITION_SPACE_2,77.7726,142.0,65.0,29.4643,30.5,11.59
78.0,10.0,10.0,9.0,cresh10,EXECUTIVE_SEMINAR_ROOM_A,65.8861,39.0,58.0,26.3916,27.875,12.17
94.0,11.0,10.0,11.0,cresh09,OPEN_EXHIBITION_SPACE_2,82.1341,145.0,67.0,29.4811,32.125,12.19
78.0,10.0,10.0,10.0,cresh04,IRC_LIBRARY_1,59.5688,188.0,50.0,27.2626,28.75,12.28
79.0,10.0,10.0,10.0,cresh10,EXECUTIVE_SEMINAR_ROOM_A,65.9895,39.0,54.0,26.3197,27.625,12.31
110.0,10.0,10.0,10.0,cresh04,OPEN_EXHIBITION_SPACE_2,82.1682,152.0,64.0,29.4948,29.375,12.36
107.0,9.0,10.0,10.0,cresh09,OPEN_EXHIBITION_SPACE_2,81.555,147.0,64.0,29.4506,31.75,12.37
116.0,10.0,11.0,11.0,cresh06,OPEN_EXHIBITION_SPACE_2,82.2047,134.0,63.0,29.3464,30.125,12.43
69.0,10.0,10.0,11.0,cresh06,BUILDING_MATERIALS_LAB,52.9116,63.0,44.0,24.2712,27.375,12.59
80.0,10.0,10.0,10.0,cresh04,IRC_LIBRARY_1,59.5128,100.0,49.0,27.3668,28.25,13.1
80.0,10.0,10.0,10.0,cresh11,IRC_LIBRARY_1,59.5104,96.0,49.0,27.3668,29.0,13.8
80.0,10.0,10.0,10.0,cresh10,EXECUTIVE_SEMINAR_ROOM_A,65.1784,37.0,60.0,26.4229,27.0,13.9
79.0,10.0,10.0,10.0,cresh04,IRC_LIBRARY_1,59.2768,88.0,49.0,27.4395,28.125,13.11
95.0,9.0,10.0,11.0,cresh09,OPEN_EXHIBITION_SPACE_2,80.4394,88.0,65.0,29.259,31.75,13.12
67.0,10.0,10.0,11.0,cresh06,BUILDING_MATERIALS_LAB,53.2255,68.0,44.0,24.3891,27.0,13.14
80.0,10.0,10.0,10.0,cresh11,IRC_LIBRARY_1,59.435,114.0,49.0,27.4258,29.0,13.16
82.0,10.0,10.0,10.0,cresh04,IRC_LIBRARY_1,59.2099,159.0,49.0,27.4848,28.125,13.31
70.0,10.0,10.0,10.0,cresh06,BUILDING_MATERIALS_LAB,52.7827,66.0,44.0,24.4028,25.5,13.33
96.0,9.0,10.0,11.0,cresh09,CAFE,72.8559,83.0,68.0,28.7645,31.75,13.34
82.0,10.0,10.0,10.0,cresh10,EXECUTIVE_SEMINAR_ROOM_B,63.2599,52.0,63.0,27.1635,28.125,13.37
72.0,11.0,10.0,10.0,cresh11,IRC_LIBRARY_1,59.3328,236.0,50.0,27.4711,29.375,13.40
76.0,10.0,10.0,10.0,cresh04,IRC_LIBRARY_1,59.3656,279.0,51.0,27.4711,28.125,13.41
68.0,10.0,10.0,10.0,cresh06,BUILDING_MATERIALS_LAB,52.7997,66.0,44.0,24.3891,25.5,13.45
98.0,10.0,10.0,10.0,cresh04,IRC_LIBRARY_1,59.361999999999995,305.0,54.0,27.4711,28.75,13.51
96.0,11.0,10.0,11.0,cresh10,EXECUTIVE_SEMINAR_ROOM_B,70.7863,1231.0,53.0,27.1916,28.75,13.51
88.0,9.0,10.0,11.0,cresh09,CAFE,70.2095,89.0,67.0,28.7509,31.75,13.54
68.0,10.0,10.0,10.0,cresh06,BUILDING_MATERIALS_LAB,51.9383,65.0,44.0,24.6871,25.375,14.0
74.0,11.0,10.0,10.0,cresh11,EXECUTIVE_SEMINAR_ROOM_A,73.8954,44.0,47.0,25.9515,29.0,14.0
66.0,10.0,10.0,11.0,cresh12,IRC_LIBRARY_1,59.333999999999996,117.0,49.0,27.4258,30.875,14.3
73.0,11.0,10.0,10.0,cresh11,EXECUTIVE_SEMINAR_ROOM_A,76.0185,43.0,51.0,26.1413,28.875,14.10
93.0,10.0,10.0,10.0,cresh09,CAFE,69.2021,93.0,68.0,28.4693,31.0,14.14
82.0,10.0,10.0,10.0,cresh04,IRC_LIBRARY_1,59.407,232.0,51.0,27.4258,28.375,14.16
71.0,10.0,10.0,11.0,cresh12,IRC_LIBRARY_1,59.2829,236.0,53.0,27.4711,30.75,14.17
77.0,10.0,10.0,10.0,cresh04,IRC_LIBRARY_1,59.1223,346.0,49.0,27.5153,28.25,14.25
65.0,11.0,10.0,10.0,cresh11,EXECUTIVE_SEMINAR_ROOM_B,66.5926,1234.0,61.0,27.3251,29.375,14.26
66.0,10.0,10.0,10.0,cresh06,BUILDING_MATERIALS_LAB,51.6634,69.0,44.0,24.7913,27.25,14.30
61.0,10.0,10.0,11.0,cresh12,IRC_LIBRARY_1,59.0481,307.0,50.0,27.5437,31.125,14.32
86.0,10.0,10.0,11.0,cresh09,CAFE,68.9297,107.0,69.0,28.6727,31.5,14.35
73.0,11.0,10.0,11.0,cresh11,EXECUTIVE_SEMINAR_ROOM_A,81.115,45.0,46.0,26.1131,29.5,14.36
60.0,10.0,10.0,9.0,cresh06,BUILDING_MATERIALS_LAB,51.7644,69.0,44.0,24.6566,28.375,14.45
79.0,10.0,10.0,10.0,cresh04,IRC_LIBRARY_1,58.8839,328.0,51.0,27.7522,28.625,14.46
61.0,10.0,10.0,11.0,cresh12,IRC_LIBRARY_1,58.8036,287.0,51.0,27.7964,30.875,14.50
86.0,10.0,10.0,11.0,cresh09,CAFE,70.3344,94.0,68.0,29.4111,31.625,14.55
70.0,11.0,10.0,11.0,cresh11,EXECUTIVE_SEMINAR_ROOM_A,82.5886,44.0,50.0,26.3197,30.25,14.55
58.0,10.0,10.0,9.0,cresh06,BUILDING_MATERIALS_LAB,51.56,64.0,45.0,24.7597,28.5,15.0
76.0,11.0,10.0,11.0,cresh11,EXECUTIVE_SEMINAR_ROOM_A,78.3711,44.0,50.0,25.8211,29.125,15.7
86.0,10.0,10.0,10.0,cresh04,IRC_LIBRARY_1,58.6661,114.0,51.0,27.7522,28.375,15.8
86.0,10.0,10.0,10.0,cresh04,IRC_LIBRARY_1,58.5821,113.0,52.0,27.7964,28.375,15.11
69.0,10.0,11.0,10.0,cresh12,OUTSIDE_RESTROOM,78.3736,46.0,69.0,29.9055,31.625,15.13
62.0,10.0,10.0,9.0,cresh06,BUILDING_MATERIALS_LAB,51.8313,64.0,44.0,24.6397,28.5,15.15
89.0,10.0,10.0,10.0,cresh09,CAFE,67.6166,82.0,64.0,29.1024,31.125,15.15
70.0,11.0,10.0,11.0,cresh11,EXECUTIVE_SEMINAR_ROOM_A,79.2643,44.0,54.0,26.1413,28.625,15.16
71.0,10.0,10.0,11.0,cresh11,EXECUTIVE_SEMINAR_ROOM_A,81.2672,44.0,55.0,26.2195,28.5,15.28
58.0,10.0,10.0,10.0,cresh06,BUILDING_MATERIALS_LAB,52.4615,65.0,45.0,24.3754,28.0,15.30
110.0,10.0,10.0,10.0,cresh10,EXECUTIVE_SEMINAR_ROOM_A,80.4561,44.0,51.0,26.2613,29.375,15.30
65.0,10.0,10.0,11.0,cresh12,IRC_LIBRARY_1,58.7111,307.0,49.0,27.8722,30.75,15.31
96.0,10.0,10.0,10.0,cresh09,CAFE,70.219,94.0,66.0,28.7791,31.25,15.35
65.0,11.0,10.0,10.0,cresh11,EXECUTIVE_SEMINAR_ROOM_A,75.0646,45.0,48.0,25.601,28.75,15.40
69.0,10.0,10.0,11.0,cresh12,IRC_LIBRARY_1,58.3863,369.0,49.0,28.0049,30.75,15.46
78.0,11.0,10.0,10.0,cresh11,EXECUTIVE_SEMINAR_ROOM_A,79.0122,45.0,49.0,26.1131,29.75,15.50
87.0,10.0,10.0,10.0,cresh09,CAFE,70.7055,99.0,65.0,28.7175,31.625,15.55
67.0,10.0,10.0,11.0,cresh12,IRC_LIBRARY_1,58.1904,373.0,50.0,28.0502,31.25,16.3
82.0,10.0,10.0,11.0,cresh09,CAFE,70.2262,84.0,67.0,28.971,31.375,16.15
63.0,11.0,10.0,10.0,cresh11,EXECUTIVE_SEMINAR_ROOM_A,76.2968,44.0,47.0,25.4811,29.125,16.16
57.0,10.0,11.0,11.0,cresh12,IRC_LIBRARY_1,58.076,177.0,52.0,28.0944,31.0,16.21
105.0,10.0,10.0,10.0,cresh11,CAFE,70.1774,71.0,62.0,28.7645,29.875,16.26
86.0,10.0,10.0,11.0,cresh09,CAFE,68.5872,70.0,65.0,28.5726,31.75,16.35
82.0,11.0,10.0,11.0,cresh11,OPEN_EXHIBITION_SPACE_2,75.4964,113.0,67.0,29.4222,31.375,16.36
74.0,11.0,10.0,11.0,cresh11,OPEN_EXHIBITION_SPACE_2,80.1243,103.0,68.0,29.3042,31.625,16.46
57.0,10.0,10.0,11.0,cresh12,IRC_LIBRARY_1,58.1515,181.0,54.0,28.0049,30.625,16.50
82.0,10.0,10.0,10.0,cresh11,OPEN_EXHIBITION_SPACE_2,82.3166,119.0,66.0,29.2726,31.875,16.55
87.0,10.0,10.0,11.0,cresh09,CAFE,74.0703,71.0,63.0,28.7175,31.5,16.55
69.0,10.0,10.0,11.0,cresh12,IRC_LIBRARY_1,57.952,331.0,54.0,28.0502,30.625,17.5
83.0,9.0,11.0,11.0,cresh12,OPEN_EXHIBITION_SPACE_2,79.6486,101.0,66.0,29.3906,30.375,17.13
83.0,10.0,10.0,11.0,cresh09,OPEN_EXHIBITION_SPACE_2,79.1194,101.0,67.0,29.4053,31.5,17.15
86.0,10.0,11.0,11.0,cresh09,OPEN_EXHIBITION_SPACE_2,78.9381,99.0,68.0,29.3316,31.5,17.16
72.0,9.0,11.0,11.0,cresh12,OPEN_EXHIBITION_SPACE_2,80.1498,69.0,64.0,29.1547,31.25,17.37
72.0,9.0,10.0,10.0,cresh13,NEAR_DIC_STUDIO_1,57.222,63.0,54.0,27.2152,29.25,18.34
91.0,10.0,10.0,10.0,cresh08,IRC_LIBRARY_1,58.441,180.0,51.0,27.6164,27.5,18.48
59.0,10.0,10.0,10.0,cresh08,IRC_LIBRARY_1,58.2184,176.0,50.0,27.6764,27.75,18.57
51.0,10.0,10.0,10.0,cresh08,IRC_LIBRARY_1,58.031000000000006,176.0,50.0,27.7375,28.125,19.6
59.0,11.0,11.0,10.0,cresh08,IRC_LIBRARY_1,58.5274,178.0,49.0,27.589000000000002,27.875,19.34
58.0,11.0,10.0,10.0,cresh08,IRC_LIBRARY_1,61.5263,178.0,49.0,27.7206,27.625,19.43
92.0,10.0,10.0,11.0,cresh13,EXECUTIVE_SEMINAR_ROOM_B,84.814,606.0,52.0,25.9995,29.125,20.40
89.0,10.0,10.0,10.0,cresh06,BUILDING_MATERIALS_LAB,53.0953,67.0,45.0,24.1669,27.75,9.48
89.0,10.0,10.0,10.0,cresh06,BUILDING_MATERIALS_LAB,53.0953,67.0,45.0,24.1669,27.75,9.48
94.0,,10.0,11.0,cresh11,GIS_LAB,61.7922,338.0,45.0,25.5478,29.125,10.15
67.0,10.0,10.0,10.0,cresh06,BUILDING_MATERIALS_LAB,53.2924,67.0,44.0,24.1217,27.75,10.16
64.0,10.0,10.0,10.0,cresh06,BUILDING_MATERIALS_LAB,52.2948,65.0,45.0,24.3438,27.875,10.30
87.0,10.0,10.0,10.0,cresh04,GIS_LAB,61.4366,337.0,46.0,25.6511,29.75,10.32
85.0,10.0,10.0,11.0,cresh11,IRC_LIBRARY_1,60.6102,166.0,49.0,26.9646,30.0,10.35
62.0,10.0,10.0,10.0,cresh06,BUILDING_MATERIALS_LAB,52.3873,66.0,44.0,24.2564,28.125,10.48
74.0,10.0,10.0,11.0,cresh13,NEAR_DIC_STUDIO_1,57.3132,84.0,46.0,27.1362,29.125,10.52
92.0,10.0,10.0,10.0,cresh04,CAFE,72.712,79.0,67.0,27.9541,29.0,11.5
55.0,10.0,10.0,9.0,cresh06,BUILDING_MATERIALS_LAB,51.4797,64.0,44.0,24.7461,27.875,11.15
60.0,10.0,10.0,9.0,cresh06,BUILDING_MATERIALS_LAB,51.5649,65.0,44.0,24.7745,27.5,11.38
79.0,10.0,10.0,10.0,cresh09,IRC_LIBRARY_1,59.9569,207.0,48.0,27.2173,29.125,11.45
62.0,10.0,10.0,9.0,cresh06,BUILDING_MATERIALS_LAB,52.1841,71.0,50.0,24.566,27.625,12.1
96.0,10.0,10.0,10.0,cresh09,IRC_LIBRARY_1,59.7914,258.0,51.0,27.2489,29.375,12.4
98.0,9.0,10.0,11.0,cresh09,OPEN_EXHIBITION_SPACE_2,78.8822,236.0,67.0,29.7201,31.25,12.45
72.0,10.0,11.0,10.0,cresh13,NEAR_DIC_STUDIO_1,58.0979,92.0,54.0,27.2289,29.25,12.46
93.0,9.0,10.0,11.0,cresh09,OPEN_EXHIBITION_SPACE_2,79.4369,191.0,68.0,29.3179,31.875,13.7
94.0,9.0,10.0,11.0,cresh09,OPEN_EXHIBITION_SPACE_2,80.3141,170.0,67.0,29.5096,31.875,13.22
98.0,9.0,11.0,11.0,cresh13,OPEN_EXHIBITION_SPACE_2,78.6303,255.0,70.0,29.6159,29.75,13.37
96.0,10.0,10.0,10.0,cresh09,IRC_LIBRARY_1,59.3936,322.0,52.0,27.5574,29.625,13.44
93.0,10.0,10.0,10.0,cresh09,IRC_LIBRARY_1,59.0153,255.0,53.0,27.5437,29.375,14.3
92.0,10.0,10.0,11.0,cresh09,IRC_LIBRARY_1,58.6977,91.0,53.0,27.5743,30.125,14.24
76.0,9.0,11.0,11.0,cresh13,NEAR_DIC_STUDIO_1,59.6357,75.0,54.0,27.4963,29.625,14.30
92.0,10.0,10.0,10.0,cresh09,IRC_LIBRARY_1,58.2488,106.0,48.0,27.5153,29.625,14.44
79.0,10.0,10.0,10.0,cresh06,BUILDING_MATERIALS_LAB,53.4141,65.0,44.0,24.3586,28.75,14.52
97.0,10.0,10.0,10.0,cresh09,IRC_LIBRARY_1,58.9094,93.0,49.0,27.5437,29.75,15.5
74.0,10.0,10.0,11.0,cresh06,BUILDING_MATERIALS_LAB,53.3897,64.0,44.0,24.4175,29.375,15.7
74.0,9.0,11.0,11.0,cresh13,NEAR_DIC_STUDIO_1,58.3413,72.0,54.0,27.4058,30.125,15.20
98.0,10.0,10.0,10.0,cresh09,IRC_LIBRARY_1,58.6369,223.0,52.0,27.5574,29.375,15.23
73.0,10.0,10.0,10.0,cresh06,BUILDING_MATERIALS_LAB,53.0394,64.0,44.0,24.4765,29.875,15.33
90.0,10.0,10.0,10.0,cresh09,IRC_LIBRARY_1,58.677,211.0,50.0,27.5574,29.375,15.44
77.0,10.0,10.0,10.0,cresh06,BUILDING_MATERIALS_LAB,53.0138,63.0,52.0,24.4933,29.375,15.46
67.0,10.0,10.0,10.0,cresh06,BUILDING_MATERIALS_LAB,52.3897,65.0,49.0,24.5355,28.875,16.0
85.0,10.0,10.0,10.0,cresh09,IRC_LIBRARY_1,59.0335,197.0,51.0,27.4848,29.25,16.4
81.0,9.0,11.0,11.0,cresh15,OPEN_EXHIBITION_SPACE_2,86.9579,39.0,70.0,27.3163,30.875,16.7
70.0,10.0,10.0,10.0,cresh06,BUILDING_MATERIALS_LAB,52.178000000000004,62.0,46.0,24.9514,29.5,16.20
74.0,9.0,11.0,11.0,cresh15,CAFE,72.8428,51.0,67.0,27.7069,31.25,16.27
88.0,10.0,10.0,11.0,cresh09,IRC_LIBRARY_1,59.2549,196.0,52.0,27.4984,29.375,16.27
71.0,10.0,10.0,10.0,cresh06,BUILDING_MATERIALS_LAB,51.7644,62.0,46.0,24.8787,29.75,16.29
83.0,10.0,10.0,10.0,cresh09,IRC_LIBRARY_1,59.2488,205.0,55.0,27.5437,29.125,16.44
82.0,9.0,11.0,11.0,cresh15,OPEN_EXHIBITION_SPACE_2,84.015,50.0,65.0,27.6701,31.125,16.44
69.0,10.0,10.0,10.0,cresh06,BUILDING_MATERIALS_LAB,51.2291,64.0,46.0,24.864,29.625,16.45
81.0,9.0,11.0,11.0,cresh15,OPEN_EXHIBITION_SPACE_2,86.9469,49.0,69.0,27.4626,31.5,17.2
75.0,10.0,10.0,11.0,cresh09,IRC_LIBRARY_1,59.4946,204.0,50.0,27.53,29.5,17.6
67.0,10.0,10.0,10.0,cresh06,BUILDING_MATERIALS_LAB,51.7863,62.0,46.0,25.0409,29.75,17.7
66.0,9.0,11.0,11.0,cresh15,OPEN_EXHIBITION_SPACE_2,83.9432,43.0,69.0,27.7017,31.0,17.19
70.0,10.0,10.0,11.0,cresh13,NEAR_DIC_STUDIO_1,58.3705,69.0,53.0,27.2152,29.75,17.19
82.0,10.0,10.0,10.0,cresh09,IRC_LIBRARY_1,59.5907,204.0,49.0,27.4711,29.0,17.24
72.0,9.0,11.0,11.0,cresh15,OPEN_EXHIBITION_SPACE_2,82.7461,40.0,68.0,27.6564,31.125,17.36
84.0,10.0,10.0,10.0,cresh09,IRC_LIBRARY_1,59.5238,200.0,48.0,27.4258,28.625,17.44
64.0,10.0,10.0,10.0,cresh06,BUILDING_MATERIALS_LAB,51.6415,61.0,48.0,24.625,28.75,17.47
69.0,9.0,11.0,11.0,cresh15,OPEN_EXHIBITION_SPACE_2,81.3433,31.0,67.0,27.8807,30.75,17.54
81.0,10.0,10.0,10.0,cresh09,IRC_LIBRARY_1,59.0651,194.0,47.0,27.4848,28.75,18.4
82.0,9.0,11.0,11.0,cresh13,NEAR_DIC_STUDIO_1,57.8023,65.0,56.0,27.1215,29.625,18.14
94.0,10.0,10.0,10.0,cresh09,ENERGY_LAB_1,64.45100000000001,14.0,46.0,26.3539,29.375,18.43
72.0,10.0,10.0,9.0,cresh14,IRC_LIBRARY_1,59.4009,178.0,48.0,27.1868,28.5,18.53
84.0,10.0,10.0,10.0,cresh09,ENERGY_LAB_1,64.3731,13.0,46.0,26.3539,29.25,19.3
75.0,10.0,10.0,9.0,cresh14,IRC_LIBRARY_1,59.7294,176.0,49.0,27.0688,28.5,19.12
82.0,10.0,10.0,10.0,cresh09,ENERGY_LAB_1,64.4863,13.0,47.0,26.3234,29.125,19.20
70.0,10.0,10.0,9.0,cresh14,IRC_LIBRARY_1,60.3146,176.0,49.0,26.993000000000002,28.125,19.34
73.0,10.0,10.0,9.0,cresh14,IRC_LIBRARY_1,62.1188,176.0,47.0,27.5153,28.625,19.46
73.0,10.0,10.0,11.0,cresh13,IRC_LIBRARY_1,63.0714,176.0,46.0,27.9765,29.375,20.18
97.0,10.0,10.0,10.0,cresh06,IRC_LIBRARY_1,59.8948,67.0,52.0,26.9509,28.625,12.32
85.0,10.0,10.0,10.0,cresh06,IRC_LIBRARY_1,59.7562,80.0,49.0,26.993000000000002,28.75,12.35
61.0,9.0,10.0,10.0,cresh06,IRC_LIBRARY_1,59.9678,128.0,49.0,26.9509,29.0,12.44
59.0,9.0,10.0,10.0,cresh06,IRC_LIBRARY_1,59.7841,217.0,48.0,26.9509,28.75,13.0
57.0,9.0,10.0,9.0,cresh06,IRC_LIBRARY_1,59.6965,244.0,51.0,26.9783,29.0,13.15
59.0,9.0,10.0,9.0,cresh06,IRC_LIBRARY_1,59.6965,244.0,51.0,26.9783,29.0,13.15
61.0,9.0,10.0,9.0,cresh06,IRC_LIBRARY_1,59.9447,235.0,48.0,27.0099,29.0,13.30
58.0,9.0,10.0,9.0,cresh06,IRC_LIBRARY_1,60.0858,246.0,49.0,26.9509,28.875,13.45
91.0,10.0,10.0,11.0,cresh09,BUILDING_MATERIALS_LAB,52.7632,65.0,51.0,24.4618,28.875,13.56
78.0,9.0,11.0,11.0,cresh15,OPEN_EXHIBITION_SPACE_2,86.7851,181.0,67.0,27.7017,30.125,14.10
57.0,10.0,10.0,9.0,cresh06,IRC_LIBRARY_1,59.9131,167.0,51.0,27.1415,28.5,14.15
97.0,10.0,10.0,10.0,cresh09,BUILDING_MATERIALS_LAB,52.8411,65.0,46.0,24.6871,29.0,14.16
72.0,9.0,11.0,11.0,cresh15,OPEN_EXHIBITION_SPACE_2,83.6305,143.0,68.0,27.4342,30.0,14.26
63.0,9.0,10.0,9.0,cresh06,IRC_LIBRARY_1,60.0068,150.0,53.0,27.1415,28.375,14.30
96.0,10.0,10.0,10.0,cresh09,BUDS_LAB,52.8617,158.0,42.0,24.4597,29.375,14.37
68.0,9.0,11.0,11.0,cresh15,OPEN_EXHIBITION_SPACE_2,79.60600000000001,165.0,64.0,27.5521,30.125,14.43
96.0,11.0,11.0,10.0,cresh10,OPEN_EXHIBITION_SPACE_2,79.60600000000001,165.0,64.0,27.5521,27.625,14.43
58.0,10.0,10.0,9.0,cresh06,IRC_LIBRARY_1,60.1698,161.0,52.0,27.1415,28.625,14.45
96.0,10.0,10.0,9.0,cresh09,BUILDING_MATERIALS_LAB,52.4104,65.0,45.0,24.625,29.875,14.56
79.0,10.0,10.0,10.0,cresh10,OPEN_EXHIBITION_SPACE_2,82.1073,177.0,68.0,27.2573,28.75,14.58
65.0,9.0,11.0,11.0,cresh15,OPEN_EXHIBITION_SPACE_2,82.4395,173.0,62.0,27.3889,30.375,14.58
63.0,10.0,11.0,9.0,cresh06,IRC_LIBRARY_1,59.997,203.0,54.0,27.2005,28.5,15.0
102.0,10.0,10.0,10.0,cresh10,BUILDING_MATERIALS_LAB,52.5795,63.0,47.0,24.566,27.5,15.10
69.0,9.0,11.0,11.0,cresh15,OPEN_EXHIBITION_SPACE_2,85.8934,194.0,64.0,27.3437,29.875,15.14
58.0,9.0,10.0,9.0,cresh06,IRC_LIBRARY_1,59.89,270.0,50.0,27.2763,28.375,15.15
91.0,10.0,10.0,10.0,cresh09,BUILDING_MATERIALS_LAB,52.3994,65.0,44.0,24.6566,29.625,15.16
78.0,10.0,10.0,10.0,cresh10,BUILDING_MATERIALS_LAB,51.7717,65.0,44.0,25.0409,29.25,15.27
60.0,9.0,11.0,11.0,cresh15,OPEN_EXHIBITION_SPACE_2,86.6331,239.0,66.0,27.4932,30.25,15.29
58.0,10.0,10.0,9.0,cresh06,IRC_LIBRARY_1,59.6686,358.0,52.0,27.3215,28.5,15.31
77.0,10.0,10.0,11.0,cresh10,BUILDING_MATERIALS_LAB,51.2485,63.0,44.0,25.2188,29.375,15.42
105.0,9.0,11.0,11.0,cresh15,OPEN_EXHIBITION_SPACE_2,83.5831,192.0,65.0,27.7017,29.625,15.44
60.0,10.0,11.0,9.0,cresh06,IRC_LIBRARY_1,59.6552,248.0,50.0,27.3215,28.375,15.45
74.0,10.0,10.0,11.0,cresh10,BUILDING_MATERIALS_LAB,51.2753,59.0,46.0,25.3389,28.75,15.49
57.0,10.0,11.0,9.0,cresh06,IRC_LIBRARY_1,59.9399,221.0,51.0,27.2626,28.5,15.53
62.0,10.0,11.0,9.0,cresh06,IRC_LIBRARY_1,59.817,223.0,50.0,27.2763,28.75,15.54
101.0,10.0,11.0,10.0,cresh09,BUILDING_MATERIALS_LAB,51.0308,61.0,45.0,25.3704,29.125,15.55
67.0,10.0,10.0,10.0,cresh10,IRC_LIBRARY_1,59.4605,389.0,50.0,27.7964,29.5,15.24
81.0,9.0,10.0,10.0,cresh10,CAFE,76.8951,100.0,62.0,28.4109,29.875,15.29
78.0,10.0,10.0,10.0,cresh10,CAFE,76.5204,100.0,63.0,28.4255,30.125,15.34
72.0,10.0,10.0,11.0,cresh10,BUILDING_MATERIALS_LAB,52.6768,64.0,48.0,24.2564,28.125,18.19
72.0,10.0,10.0,10.0,cresh10,BUILDING_MATERIALS_LAB,53.5966,60.0,51.0,24.1669,28.125,18.27
