heartRate_cozie,light_cozie,noise_cozie,user_id,room,humidity_sensing,light_sensing,noise_sensing,temperature_sensing,temperature_mbient,time-numeric,thermal_cozie
62.0,10.0,10.0,cresh35,BUDS_LAB,55.0346,200.0,47.0,23.0508,27.25,13.38,10.0
65.0,10.0,10.0,cresh35,BUILDING_MATERIALS_LAB,54.5723,60.0,47.0,23.5594,30.0,18.0,9.0
77.0,10.0,10.0,cresh35,BUILDING_MATERIALS_LAB,54.2316,64.0,44.0,23.5425,28.25,18.7,9.0
82.0,10.0,10.0,cresh36,ENERGY_LAB_1,69.0254,51.0,50.0,25.9548,29.375,10.2,11.0
67.0,10.0,10.0,cresh36,ENERGY_LAB_1,68.293,58.0,49.0,26.3402,29.0,11.16,11.0
78.0,10.0,10.0,cresh35,BUDS_LAB,62.03,180.0,42.0,25.7948,30.5,11.32,10.0
76.0,10.0,11.0,cresh35,BUDS_LAB,57.0237,186.0,48.0,26.2254,30.5,12.14,10.0
73.0,10.0,10.0,cresh35,BUDS_LAB,51.6245,225.0,41.0,26.1212,31.0,13.3,10.0
71.0,10.0,10.0,cresh35,BUDS_LAB,51.1865,230.0,42.0,26.197,30.875,14.13,11.0
72.0,10.0,,cresh37,ENERGY_LAB_1,68.8684,63.0,48.0,25.7306,27.375,15.9,10.0
70.0,10.0,10.0,cresh36,ENERGY_LAB_1,69.0229,56.0,46.0,25.5252,29.875,15.16,11.0
72.0,10.0,10.0,cresh35,OUTSIDE_RESTROOM,88.6064,53.0,66.0,28.3418,29.375,15.18,10.0
87.0,10.0,10.0,cresh35,BUDS_LAB,61.2757,196.0,44.0,25.1262,30.125,10.5,11.0
78.0,10.0,10.0,cresh35,BUILDING_MATERIALS_LAB,54.599,69.0,45.0,23.81,30.875,11.14,10.0
77.0,10.0,10.0,cresh35,BUILDING_MATERIALS_LAB,54.6513,70.0,45.0,23.8826,30.5,11.19,10.0
84.0,10.0,10.0,cresh36,BUILDING_MATERIALS_LAB,54.1416,74.0,45.0,23.7784,29.375,12.44,11.0
74.0,10.0,10.0,cresh35,BUDS_LAB,55.0735,173.0,42.0,25.1262,28.125,13.58,9.0
95.0,10.0,10.0,cresh37,ENERGY_LAB_1,67.3878,60.0,47.0,26.4866,27.375,12.36,10.0
70.0,10.0,10.0,cresh07,BUILDING_MATERIALS_LAB,54.3496,74.0,46.0,23.751,26.375,13.2,10.0
83.0,10.0,10.0,cresh10,BUILDING_MATERIALS_LAB,54.3496,74.0,46.0,23.751,26.75,13.21,11.0
,10.0,10.0,cresh10,BUILDING_MATERIALS_LAB,54.5601,70.0,44.0,23.6015,26.0,13.27,10.0
61.0,10.0,10.0,cresh07,BUILDING_MATERIALS_LAB,54.4616,71.0,46.0,23.6015,26.25,13.3,10.0
92.0,10.0,10.0,cresh10,BUILDING_MATERIALS_LAB,54.4616,71.0,46.0,23.6015,26.25,13.3,11.0
70.0,10.0,10.0,cresh07,BUILDING_MATERIALS_LAB,54.8265,73.0,47.0,23.5289,25.25,13.51,10.0
76.0,10.0,10.0,cresh07,BUILDING_MATERIALS_LAB,55.1793,65.0,47.0,23.6605,28.75,14.4,10.0
76.0,10.0,11.0,cresh10,BUILDING_MATERIALS_LAB,55.1793,65.0,47.0,23.6605,27.75,14.4,11.0
114.0,10.0,10.0,cresh08,OUTSIDE_RESTROOM,80.5197,44.0,62.0,27.7627,29.125,14.32,10.0
78.0,11.0,11.0,cresh07,OPEN_EXHIBITION_SPACE_2,78.8651,159.0,65.0,27.6248,31.5,14.35,11.0
73.0,10.0,10.0,cresh12,BUILDING_MATERIALS_LAB,54.599,63.0,45.0,23.9142,25.625,14.43,11.0
59.0,10.0,10.0,cresh12,BUILDING_MATERIALS_LAB,54.2815,63.0,45.0,23.9585,28.5,14.48,11.0
75.0,11.0,11.0,cresh07,ENERGY_LAB_1,66.6834,50.0,46.0,26.6077,30.75,14.49,11.0
63.0,10.0,10.0,cresh12,BUILDING_MATERIALS_LAB,53.7425,66.0,45.0,24.049,28.625,15.8,11.0
82.0,11.0,11.0,cresh07,OPEN_EXHIBITION_SPACE_2,74.8613,254.0,65.0,28.5472,31.375,15.11,11.0
84.0,10.0,10.0,cresh08,ENERGY_LAB_1,67.7698,65.0,46.0,26.1633,31.5,15.28,10.0
66.0,10.0,10.0,cresh12,BUILDING_MATERIALS_LAB,53.1136,64.0,44.0,24.1975,28.125,15.29,11.0
,10.0,10.0,cresh09,BUDS_LAB,53.7425,195.0,43.0,24.487,28.875,15.46,10.0
82.0,11.0,10.0,cresh12,BUILDING_MATERIALS_LAB,53.453,63.0,45.0,24.5355,27.75,15.46,11.0
86.0,10.0,10.0,cresh09,BUDS_LAB,54.4311,198.0,44.0,24.4733,29.125,15.47,11.0
87.0,10.0,11.0,cresh08,IRC_LIBRARY_1,61.7733,398.0,49.0,26.9193,31.25,15.52,10.0
88.0,10.0,10.0,cresh07,ENERGY_LAB_1,67.7479,55.0,51.0,26.2949,30.75,15.52,10.0
96.0,10.0,10.0,cresh09,BUDS_LAB,55.2353,188.0,47.0,24.8166,29.5,15.59,11.0
62.0,10.0,10.0,cresh12,BUILDING_MATERIALS_LAB,54.0601,63.0,45.0,24.3301,27.625,16.1,11.0
109.0,10.0,10.0,cresh08,BUILDING_MATERIALS_LAB,54.0138,62.0,45.0,24.5944,29.25,16.18,10.0
66.0,10.0,10.0,cresh12,BUDS_LAB,55.2621,171.0,42.0,24.0911,27.625,16.2,11.0
66.0,10.0,10.0,cresh12,BUDS_LAB,54.3764,165.0,42.0,23.7173,27.5,16.33,11.0
85.0,10.0,10.0,cresh07,ENERGY_LAB_1,67.6603,74.0,46.0,26.0728,30.375,16.39,11.0
69.0,9.0,11.0,cresh06,BUILDING_MATERIALS_LAB,55.6757,66.0,44.0,23.4109,23.875,8.56,11.0
72.0,9.0,11.0,cresh06,BUILDING_MATERIALS_LAB,56.2305,67.0,46.0,23.5425,28.0,9.19,11.0
74.0,9.0,11.0,cresh06,BUILDING_MATERIALS_LAB,56.5419,69.0,46.0,23.5878,27.875,9.31,11.0
66.0,10.0,,cresh14,BUILDING_MATERIALS_LAB,55.6197,74.0,44.0,23.4109,26.0,11.21,10.0
68.0,10.0,10.0,cresh13,BUILDING_MATERIALS_LAB,55.6185,77.0,47.0,23.4246,24.75,11.24,10.0
83.0,9.0,10.0,cresh13,BUILDING_MATERIALS_LAB,55.6185,68.0,45.0,23.5004,27.75,11.4,10.0
90.0,10.0,,cresh14,BUILDING_MATERIALS_LAB,55.7013,67.0,45.0,23.4836,29.625,11.41,10.0
93.0,10.0,11.0,cresh13,NEAR_DIC_STUDIO_1,61.3389,44.0,53.0,26.2928,28.25,12.13,10.0
79.0,10.0,11.0,cresh13,NEAR_DIC_STUDIO_1,59.7391,46.0,57.0,26.6635,27.5,13.7,9.0
94.0,9.0,11.0,cresh14,OPEN_EXHIBITION_SPACE_2,76.3079,113.0,67.0,28.8704,31.125,13.43,11.0
94.0,9.0,11.0,cresh14,OPEN_EXHIBITION_SPACE_2,85.0345,45.0,66.0,27.3889,30.5,13.53,9.0
,10.0,10.0,cresh05,BUILDING_MATERIALS_LAB,58.7695,62.0,46.0,24.3301,24.375,14.11,10.0
109.0,10.0,10.0,cresh11,BUILDING_MATERIALS_LAB,57.3777,60.0,44.0,24.0343,24.75,14.37,10.0
,10.0,10.0,cresh01,BUILDING_MATERIALS_LAB,57.3777,60.0,44.0,24.0343,25.25,14.37,10.0
69.0,10.0,10.0,cresh05,BUILDING_MATERIALS_LAB,57.3278,61.0,46.0,24.0206,24.0,14.38,10.0
85.0,9.0,11.0,cresh13,OPEN_EXHIBITION_SPACE_2,96.3414,41.0,65.0,24.5407,28.375,14.44,10.0
122.0,10.0,10.0,cresh11,BUILDING_MATERIALS_LAB,56.6161,60.0,47.0,23.9869,28.5,14.46,10.0
71.0,10.0,10.0,cresh01,BUILDING_MATERIALS_LAB,56.3777,60.0,45.0,23.9585,26.875,14.48,10.0
92.0,10.0,10.0,cresh05,BUILDING_MATERIALS_LAB,56.2877,61.0,46.0,23.9279,24.0,14.49,10.0
,10.0,10.0,cresh04,BUILDING_MATERIALS_LAB,56.2828,61.0,46.0,23.8826,28.625,14.53,10.0
73.0,10.0,10.0,cresh04,BUILDING_MATERIALS_LAB,55.7816,60.0,45.0,23.8974,28.375,15.1,10.0
80.0,10.0,10.0,cresh11,BUILDING_MATERIALS_LAB,55.2463,60.0,46.0,23.9416,27.5,15.6,11.0
74.0,10.0,,cresh01,BUILDING_MATERIALS_LAB,55.3582,58.0,45.0,23.8237,27.875,15.9,10.0
83.0,9.0,11.0,cresh13,ENERGY_LAB_1,67.79899999999999,22.0,46.0,25.8201,28.5,15.15,10.0
75.0,10.0,10.0,cresh01,BUILDING_MATERIALS_LAB,55.2353,62.0,45.0,23.751,28.125,15.15,11.0
63.0,10.0,,cresh01,IRC_LIBRARY_1,61.9667,98.0,47.0,26.993,28.375,15.35,10.0
91.0,9.0,10.0,cresh06,BUILDING_MATERIALS_LAB,55.5285,60.0,46.0,23.4551,25.125,15.36,11.0
82.0,9.0,10.0,cresh06,BUILDING_MATERIALS_LAB,56.0638,63.0,44.0,23.4836,26.5,15.48,10.0
54.0,10.0,,cresh01,IRC_LIBRARY_1,62.1784,148.0,48.0,26.9783,28.625,15.53,10.0
66.0,10.0,10.0,cresh01,IRC_LIBRARY_1,62.3171,283.0,52.0,26.9783,28.375,16.9,9.0
61.0,9.0,10.0,cresh01,IRC_LIBRARY_1,61.9886,200.0,49.0,27.1278,28.125,16.23,9.0
79.0,10.0,11.0,cresh13,NEAR_DIC_STUDIO_1,61.0603,80.0,48.0,26.5592,29.0,16.24,10.0
54.0,10.0,10.0,cresh01,IRC_LIBRARY_1,62.2903,241.0,48.0,27.052,28.125,16.39,9.0
82.0,9.0,11.0,cresh13,NEAR_DIC_STUDIO_1,60.9861,81.0,54.0,26.5761,29.375,16.54,11.0
55.0,10.0,10.0,cresh01,IRC_LIBRARY_1,61.8402,419.0,49.0,27.1415,28.125,16.54,10.0
64.0,10.0,,cresh01,IRC_LIBRARY_1,61.8633,167.0,49.0,27.1731,28.125,17.8,9.0
86.0,9.0,11.0,cresh13,NEAR_DIC_STUDIO_1,60.716,80.0,55.0,26.6803,29.875,17.9,11.0
54.0,10.0,,cresh01,IRC_LIBRARY_1,61.9557,177.0,48.0,27.2005,28.375,17.25,9.0
92.0,9.0,11.0,cresh13,NEAR_DIC_STUDIO_1,60.6418,74.0,55.0,26.6635,28.875,17.38,11.0
75.0,10.0,10.0,cresh14,EXECUTIVE_SEMINAR_ROOM_B,81.4314,17.0,48.0,28.1658,29.0,18.22,10.0
90.0,9.0,11.0,cresh13,NEAR_DIC_STUDIO_1,60.1868,62.0,46.0,26.3971,29.5,19.19,11.0
95.0,10.0,10.0,cresh14,NEAR_DIC_STUDIO_1,60.1868,62.0,46.0,26.3971,28.125,19.2,9.0
71.0,9.0,11.0,cresh13,NEAR_DIC_STUDIO_1,60.07,62.0,47.0,26.3655,28.125,19.39,10.0
76.0,9.0,11.0,cresh13,NEAR_DIC_STUDIO_1,61.6273,60.0,54.0,26.3971,28.125,20.17,11.0
88.0,9.0,11.0,cresh13,NEAR_DIC_STUDIO_1,70.4488,62.0,56.0,27.4647,30.5,22.6,11.0
75.0,10.0,10.0,cresh06,EXECUTIVE_SEMINAR_ROOM_B,83.1548,1294.0,47.0,27.0748,28.125,9.48,10.0
73.0,11.0,10.0,cresh11,IRC_LIBRARY_1,63.3706,158.0,51.0,26.6245,29.5,11.19,10.0
69.0,9.0,10.0,cresh01,OPEN_EXHIBITION_SPACE_2,86.1537,176.0,63.0,26.7224,29.375,11.32,10.0
106.0,10.0,11.0,cresh11,OPEN_EXHIBITION_SPACE_2,86.1537,176.0,63.0,26.7224,29.375,11.32,11.0
86.0,9.0,10.0,cresh14,NEAR_DIC_STUDIO_1,60.8328,92.0,48.0,26.3234,29.0,11.42,10.0
64.0,9.0,10.0,cresh01,OPEN_EXHIBITION_SPACE_2,83.3872,203.0,65.0,27.2426,29.5,11.47,10.0
100.0,11.0,11.0,cresh11,OPEN_EXHIBITION_SPACE_2,83.7278,195.0,68.0,27.6111,29.75,11.52,11.0
70.0,10.0,10.0,cresh06,BUILDING_MATERIALS_LAB,53.5041,70.0,45.0,24.5797,28.375,11.56,10.0
70.0,10.0,10.0,cresh06,BUILDING_MATERIALS_LAB,53.3532,70.0,45.0,24.625,28.0,11.56,10.0
119.0,10.0,10.0,cresh06,BUILDING_MATERIALS_LAB,53.0114,70.0,44.0,24.7155,27.75,12.4,10.0
63.0,10.0,10.0,cresh06,BUILDING_MATERIALS_LAB,53.3983,70.0,44.0,24.3438,28.375,12.19,10.0
63.0,10.0,10.0,cresh06,BUILDING_MATERIALS_LAB,53.6756,68.0,44.0,24.2712,28.375,12.34,10.0
66.0,10.0,10.0,cresh06,BUILDING_MATERIALS_LAB,53.4761,68.0,45.0,24.2712,28.625,12.45,10.0
89.0,10.0,10.0,cresh14,NEAR_DIC_STUDIO_1,61.182,84.0,47.0,26.3971,29.125,12.53,10.0
64.0,10.0,10.0,cresh06,BUILDING_MATERIALS_LAB,53.3849,68.0,45.0,24.3301,28.375,13.0,10.0
94.0,9.0,10.0,cresh14,NEAR_DIC_STUDIO_1,60.9496,84.0,49.0,26.3971,28.5,13.11,10.0
65.0,10.0,10.0,cresh06,BUILDING_MATERIALS_LAB,53.6428,71.0,44.0,24.1217,28.125,13.15,9.0
82.0,10.0,10.0,cresh05,BUDS_LAB,56.5614,227.0,42.0,22.7381,25.875,13.26,10.0
89.0,10.0,10.0,cresh05,BUDS_LAB,56.604,225.0,42.0,22.7549,26.625,13.28,10.0
67.0,10.0,10.0,cresh06,BUILDING_MATERIALS_LAB,53.3569,71.0,48.0,24.3754,28.125,13.3,10.0
84.0,10.0,10.0,cresh14,NEAR_DIC_STUDIO_1,60.5482,89.0,47.0,26.4834,29.5,13.55,10.0
107.0,10.0,10.0,cresh11,IRC_LIBRARY_1,62.3974,313.0,49.0,26.993,29.25,13.59,10.0
61.0,10.0,10.0,cresh06,BUILDING_MATERIALS_LAB,53.3313,70.0,45.0,24.805,27.625,14.0,9.0
73.0,10.0,10.0,cresh01,IRC_LIBRARY_1,62.1808,287.0,49.0,27.052,29.125,14.8,10.0
59.0,10.0,10.0,cresh06,BUILDING_MATERIALS_LAB,53.6014,66.0,44.0,24.7461,27.75,14.15,9.0
107.0,10.0,10.0,cresh14,NEAR_DIC_STUDIO_1,60.3012,89.0,65.0,26.5287,28.0,14.25,10.0
60.0,10.0,10.0,cresh06,BUILDING_MATERIALS_LAB,53.3508,65.0,44.0,24.6113,28.25,14.3,9.0
105.0,10.0,10.0,cresh09,OPEN_EXHIBITION_SPACE_2,82.4407,237.0,67.0,28.1597,28.5,14.31,11.0
74.0,10.0,10.0,cresh04,BUDS_LAB,57.2609,187.0,44.0,22.9329,28.375,14.36,10.0
60.0,10.0,10.0,cresh01,IRC_LIBRARY_1,61.7574,279.0,52.0,27.1562,28.75,14.39,10.0
57.0,10.0,10.0,cresh06,BUILDING_MATERIALS_LAB,53.4372,72.0,44.0,24.625,28.125,14.45,9.0
64.0,10.0,10.0,cresh01,IRC_LIBRARY_1,61.8353,338.0,49.0,27.1278,28.5,14.55,10.0
80.0,10.0,10.0,cresh14,NEAR_DIC_STUDIO_1,60.1917,88.0,51.0,26.515,28.5,14.56,10.0
59.0,10.0,10.0,cresh06,BUILDING_MATERIALS_LAB,53.1197,71.0,44.0,24.6113,28.25,15.0,9.0
88.0,10.0,10.0,cresh14,NEAR_DIC_STUDIO_1,60.1309,85.0,49.0,26.5592,28.875,15.1,10.0
62.0,10.0,10.0,cresh06,BUILDING_MATERIALS_LAB,52.9165,68.0,44.0,24.6734,27.875,15.15,9.0
59.0,10.0,10.0,cresh06,BUILDING_MATERIALS_LAB,52.9615,67.0,44.0,24.6566,28.0,15.16,9.0
76.0,10.0,11.0,cresh13,NEAR_DIC_STUDIO_1,60.3486,83.0,52.0,26.5592,30.125,15.17,11.0
96.0,10.0,10.0,cresh09,OPEN_EXHIBITION_SPACE_2,77.01100000000002,214.0,64.0,29.0484,31.625,15.18,11.0
63.0,10.0,10.0,cresh06,BUILDING_MATERIALS_LAB,53.1343,68.0,44.0,24.566,28.5,15.3,9.0
94.0,9.0,10.0,cresh13,NEAR_DIC_STUDIO_1,60.8474,82.0,53.0,26.6635,29.75,15.42,11.0
77.0,10.0,10.0,cresh04,IRC_LIBRARY_1,61.4728,259.0,50.0,27.2931,28.625,15.56,10.0
89.0,10.0,10.0,cresh14,CAFE,74.0191,80.0,69.0,27.6172,29.125,15.57,10.0
62.0,10.0,10.0,cresh01,IRC_LIBRARY_1,61.6954,299.0,48.0,27.2626,28.75,16.17,10.0
81.0,10.0,10.0,cresh14,NEAR_DIC_STUDIO_1,60.4654,77.0,54.0,26.7393,29.25,16.18,10.0
59.0,10.0,10.0,cresh01,IRC_LIBRARY_1,61.4545,551.0,48.0,27.3352,28.75,16.32,9.0
109.0,10.0,10.0,cresh14,NEAR_DIC_STUDIO_1,60.1479,80.0,56.0,26.754,28.625,16.34,10.0
64.0,10.0,,cresh01,IRC_LIBRARY_1,61.5263,121.0,49.0,27.3805,28.75,16.47,9.0
69.0,11.0,10.0,cresh01,IRC_LIBRARY_1,61.3876,376.0,49.0,27.3805,28.5,17.2,10.0
93.0,9.0,10.0,cresh13,NEAR_DIC_STUDIO_1,60.2963,77.0,55.0,26.6803,29.5,17.16,11.0
59.0,10.0,10.0,cresh01,IRC_LIBRARY_1,61.5993,282.0,52.0,27.3668,28.75,17.17,10.0
68.0,10.0,10.0,cresh13,NEAR_DIC_STUDIO_1,60.2185,69.0,52.0,26.7087,29.875,17.56,11.0
71.0,10.0,10.0,cresh05,BUDS_LAB,54.3204,157.0,42.0,23.571,25.25,18.1,11.0
72.0,10.0,10.0,cresh13,NEAR_DIC_STUDIO_1,60.2477,65.0,50.0,26.6803,28.875,18.23,11.0
96.0,10.0,10.0,cresh05,BUILDING_MATERIALS_LAB,52.57100000000001,11.0,44.0,24.1975,28.25,18.4,10.0
90.0,11.0,10.0,cresh05,IRC_LIBRARY_1,61.3146,183.0,49.0,27.2931,29.375,18.45,10.0
69.0,10.0,10.0,cresh13,NEAR_DIC_STUDIO_1,60.4131,61.0,51.0,26.5908,28.125,18.53,10.0
72.0,11.0,10.0,cresh05,IRC_LIBRARY_1,61.4788,172.0,49.0,27.2173,29.0,19.7,10.0
98.0,10.0,10.0,cresh05,OPEN_EXHIBITION_SPACE_2,85.9274,101.0,64.0,27.8027,29.375,19.15,10.0
108.0,9.0,10.0,cresh05,OPEN_EXHIBITION_SPACE_2,85.2011,101.0,67.0,27.7743,29.375,19.16,10.0
70.0,10.0,11.0,cresh13,OPEN_EXHIBITION_SPACE_2,87.8472,104.0,64.0,27.4479,30.5,19.27,11.0
86.0,10.0,10.0,cresh07,HOT_DESKING_ARCHITECTURE_STUDIO_SPACE_1,78.3955,1294.0,51.0,26.3686,29.625,19.39,10.0
76.0,10.0,,cresh07,IRC_LIBRARY_1,64.395,171.0,49.0,27.7522,30.125,20.2,10.0
82.0,10.0,10.0,cresh08,IRC_LIBRARY_1,64.395,171.0,49.0,27.7522,28.75,20.2,11.0
84.0,10.0,10.0,cresh07,IRC_LIBRARY_1,64.9765,172.0,51.0,27.9175,30.75,20.22,11.0
76.0,10.0,10.0,cresh07,IRC_LIBRARY_1,65.99,172.0,48.0,27.9007,31.125,20.34,10.0
106.0,10.0,10.0,cresh08,CAFE,71.092,16.0,59.0,29.9983,29.375,20.48,10.0
77.0,10.0,10.0,cresh07,IRC_LIBRARY_1,66.8513,172.0,48.0,27.9007,31.625,20.49,10.0
111.0,10.0,10.0,cresh07,OPEN_EXHIBITION_SPACE_2,81.9273,132.0,64.0,27.8638,27.875,10.5,10.0
76.0,9.0,11.0,cresh07,OPEN_EXHIBITION_SPACE_2,81.9455,120.0,68.0,28.205,30.25,10.2,10.0
84.0,9.0,11.0,cresh07,OPEN_EXHIBITION_SPACE_2,80.1803,123.0,65.0,28.4545,31.375,10.35,10.0
78.0,9.0,11.0,cresh07,CAFE,72.0935,65.0,64.0,27.3501,31.375,10.5,10.0
104.0,10.0,11.0,cresh10,EXECUTIVE_SEMINAR_ROOM_A,65.0749,1294.0,55.0,26.7932,28.75,10.53,10.0
78.0,9.0,10.0,cresh07,CAFE,70.4165,77.0,65.0,27.6318,31.5,11.6,10.0
94.0,10.0,10.0,cresh05,OPEN_EXHIBITION_SPACE_2,73.837,147.0,69.0,28.9294,31.125,11.8,11.0
73.0,10.0,10.0,cresh05,IRC_LIBRARY_1,62.4254,157.0,48.0,26.8014,30.625,11.11,11.0
69.0,10.0,10.0,cresh06,BUILDING_MATERIALS_LAB,53.0844,72.0,44.0,24.2849,28.625,11.15,9.0
62.0,10.0,10.0,cresh06,BUILDING_MATERIALS_LAB,53.0844,72.0,44.0,24.2849,28.625,11.15,9.0
63.0,10.0,10.0,cresh06,BUILDING_MATERIALS_LAB,53.0917,71.0,44.0,24.2564,28.5,11.15,9.0
68.0,10.0,10.0,cresh06,BUILDING_MATERIALS_LAB,53.0917,71.0,44.0,24.2564,28.5,11.16,9.0
76.0,9.0,11.0,cresh07,CAFE,71.65100000000002,83.0,64.0,27.5869,31.75,11.18,10.0
61.0,10.0,10.0,cresh06,BUILDING_MATERIALS_LAB,52.8885,71.0,45.0,24.4175,28.875,11.3,9.0
62.0,10.0,10.0,cresh05,IRC_LIBRARY_1,62.4083,165.0,47.0,26.8151,31.0,11.33,11.0
65.0,10.0,10.0,cresh06,BUILDING_MATERIALS_LAB,52.6464,70.0,44.0,24.4481,28.75,11.45,9.0
66.0,10.0,10.0,cresh05,IRC_LIBRARY_1,62.1249,347.0,46.0,26.8919,31.25,11.47,11.0
72.0,10.0,10.0,cresh05,IRC_LIBRARY_1,62.0166,330.0,46.0,26.874,31.25,11.49,11.0
75.0,9.0,10.0,cresh07,OPEN_EXHIBITION_SPACE_2,72.6836,178.0,65.0,29.259,31.375,11.5,10.0
62.0,10.0,10.0,cresh06,BUILDING_MATERIALS_LAB,52.7291,72.0,44.0,24.4344,28.75,12.0,9.0
69.0,10.0,10.0,cresh05,IRC_LIBRARY_1,61.7161,313.0,49.0,26.9783,30.875,12.5,10.0
70.0,10.0,10.0,cresh05,IRC_LIBRARY_1,61.7161,313.0,49.0,26.9783,30.875,12.5,11.0
72.0,9.0,11.0,cresh07,CAFE,67.801,89.0,67.0,28.5872,31.75,12.6,10.0
73.0,10.0,10.0,cresh01,IRC_LIBRARY_1,61.7295,333.0,46.0,26.9783,28.625,12.9,10.0
66.0,10.0,10.0,cresh05,IRC_LIBRARY_1,61.5883,374.0,48.0,27.0099,30.875,12.13,11.0
75.0,9.0,11.0,cresh07,OPEN_EXHIBITION_SPACE_2,69.9475,210.0,64.0,29.5232,31.75,12.13,10.0
67.0,10.0,10.0,cresh06,BUILDING_MATERIALS_LAB,52.3678,75.0,44.0,24.4765,28.75,12.15,9.0
59.0,10.0,10.0,cresh01,IRC_LIBRARY_1,61.4375,430.0,46.0,27.0825,28.75,12.21,10.0
56.0,10.0,10.0,cresh06,BUILDING_MATERIALS_LAB,52.5381,67.0,44.0,24.2986,28.25,12.3,9.0
68.0,9.0,10.0,cresh07,CAFE,69.4304,89.0,67.0,28.6894,31.5,12.32,10.0
60.0,10.0,10.0,cresh01,IRC_LIBRARY_1,61.2051,349.0,46.0,27.2005,28.625,12.33,10.0
80.0,10.0,10.0,cresh10,EXECUTIVE_SEMINAR_ROOM_A,61.257,1294.0,56.0,27.5316,29.5,12.39,11.0
79.0,9.0,10.0,cresh07,CAFE,68.5574,98.0,68.0,28.5559,31.5,12.44,10.0
60.0,10.0,10.0,cresh06,BUILDING_MATERIALS_LAB,52.5771,70.0,44.0,24.2986,27.875,12.45,9.0
55.0,10.0,10.0,cresh01,IRC_LIBRARY_1,61.3499,334.0,52.0,27.1868,28.375,12.45,10.0
65.0,10.0,10.0,cresh01,IRC_LIBRARY_1,61.4557,283.0,49.0,27.2173,28.375,12.58,10.0
63.0,10.0,10.0,cresh06,BUILDING_MATERIALS_LAB,52.5734,67.0,45.0,24.4765,28.125,13.0,9.0
83.0,9.0,10.0,cresh07,OPEN_EXHIBITION_SPACE_2,85.6987,145.0,66.0,27.9996,30.875,13.1,10.0
76.0,10.0,11.0,cresh10,EXECUTIVE_SEMINAR_ROOM_A,62.1573,1294.0,55.0,27.6203,29.0,13.7,10.0
61.0,10.0,10.0,cresh06,BUILDING_MATERIALS_LAB,53.1282,70.0,44.0,24.4618,28.0,13.15,9.0
87.0,9.0,10.0,cresh01,CAFE,73.2948,99.0,64.0,28.2054,28.375,13.15,10.0
77.0,10.0,10.0,cresh01,CAFE,71.7831,98.0,68.0,28.1606,28.5,13.2,10.0
61.0,9.0,10.0,cresh01,CAFE,72.0376,90.0,70.0,28.0573,28.625,13.31,10.0
91.0,10.0,10.0,cresh07,ENERGY_LAB_1,68.282,53.0,47.0,25.9864,30.75,13.34,10.0
72.0,10.0,10.0,cresh05,IRC_LIBRARY_1,61.8049,326.0,48.0,27.3215,31.25,13.37,11.0
56.0,10.0,11.0,cresh01,IRC_LIBRARY_1,61.7939,296.0,53.0,27.4121,28.25,13.47,10.0
105.0,10.0,11.0,cresh14,NEAR_DIC_STUDIO_1,59.8474,86.0,46.0,26.5287,29.125,14.2,10.0
63.0,10.0,10.0,cresh01,IRC_LIBRARY_1,61.8183,387.0,49.0,27.3805,28.125,14.3,10.0
66.0,10.0,10.0,cresh05,IRC_LIBRARY_1,61.5007,451.0,51.0,27.4563,30.75,14.16,11.0
67.0,10.0,11.0,cresh01,IRC_LIBRARY_1,61.5214,457.0,51.0,27.4258,28.125,14.18,10.0
60.0,10.0,10.0,cresh01,IRC_LIBRARY_1,61.345,502.0,54.0,27.4984,28.25,14.34,10.0
109.0,10.0,10.0,cresh14,NEAR_DIC_STUDIO_1,59.6661,94.0,48.0,26.6361,28.375,14.34,11.0
55.0,10.0,11.0,cresh01,IRC_LIBRARY_1,61.0652,553.0,48.0,27.5743,28.25,14.49,10.0
60.0,10.0,10.0,cresh01,IRC_LIBRARY_1,60.7769,492.0,47.0,27.6332,28.375,15.4,10.0
65.0,10.0,10.0,cresh01,IRC_LIBRARY_1,60.7027,384.0,48.0,27.6764,28.375,15.2,10.0
57.0,10.0,10.0,cresh01,IRC_LIBRARY_1,60.5323,530.0,51.0,27.7069,28.75,15.35,10.0
63.0,10.0,10.0,cresh01,IRC_LIBRARY_1,60.379,531.0,50.0,27.7522,28.75,15.5,10.0
62.0,10.0,10.0,cresh01,IRC_LIBRARY_1,59.9253,561.0,46.0,27.8554,28.75,16.5,9.0
85.0,11.0,10.0,cresh01,IRC_LIBRARY_1,59.3997,542.0,45.0,27.9765,29.0,16.2,9.0
64.0,10.0,10.0,cresh12,IRC_LIBRARY_1,59.6187,618.0,46.0,27.887,29.5,16.35,11.0
66.0,10.0,10.0,cresh01,IRC_LIBRARY_1,59.5943,867.0,48.0,27.9007,28.75,16.35,10.0
63.0,11.0,10.0,cresh01,IRC_LIBRARY_1,59.463,894.0,46.0,27.9007,28.625,16.51,9.0
95.0,9.0,10.0,cresh13,BUILDING_MATERIALS_LAB,52.3897,63.0,44.0,24.566,28.375,17.4,11.0
53.0,10.0,10.0,cresh01,IRC_LIBRARY_1,59.0615,635.0,46.0,28.0218,28.5,17.6,9.0
63.0,10.0,10.0,cresh12,IRC_LIBRARY_1,58.1576,509.0,52.0,28.345,30.125,17.43,10.0
91.0,10.0,10.0,cresh04,BUDS_LAB,57.0711,159.0,43.0,22.7076,28.5,17.48,10.0
73.0,10.0,10.0,cresh12,IRC_LIBRARY_1,58.0481,430.0,48.0,28.3903,29.75,17.56,10.0
92.0,10.0,10.0,cresh04,IRC_LIBRARY_1,57.879,419.0,51.0,28.4492,29.125,17.59,10.0
91.0,10.0,10.0,cresh14,OPEN_EXHIBITION_SPACE_2,75.7835,147.0,66.0,29.2137,29.375,18.9,10.0
61.0,10.0,10.0,cresh12,IRC_LIBRARY_1,57.9848,226.0,51.0,28.3755,29.5,18.15,10.0
79.0,10.0,10.0,cresh04,IRC_LIBRARY_1,58.0627,210.0,49.0,28.3166,28.5,18.22,10.0
84.0,10.0,11.0,cresh14,EXECUTIVE_SEMINAR_ROOM_A,81.9904,41.0,51.0,25.6146,29.25,18.28,10.0
80.0,10.0,10.0,cresh14,EXECUTIVE_SEMINAR_ROOM_A,82.2366,41.0,48.0,25.6459,29.125,18.46,10.0
75.0,10.0,10.0,cresh12,OPEN_EXHIBITION_SPACE_2,76.8979,99.0,72.0,28.0418,30.375,19.4,11.0
84.0,9.0,10.0,cresh13,NEAR_DIC_STUDIO_1,60.025,60.0,54.0,26.6498,27.625,20.6,10.0
67.0,10.0,10.0,cresh05,IRC_LIBRARY_1,62.4752,159.0,46.0,26.8014,30.0,9.58,10.0
103.0,10.0,10.0,cresh04,IRC_LIBRARY_1,62.2453,169.0,50.0,26.8604,28.75,10.8,10.0
96.0,10.0,10.0,cresh05,IRC_LIBRARY_1,62.474,191.0,50.0,26.8298,30.375,10.4,10.0
90.0,10.0,10.0,cresh04,IRC_LIBRARY_1,62.3475,134.0,48.0,26.9193,28.75,11.2,10.0
122.0,10.0,10.0,cresh14,NEAR_DIC_STUDIO_1,60.9107,47.0,47.0,26.4413,28.5,11.22,10.0
79.0,10.0,10.0,cresh04,IRC_LIBRARY_1,62.2526,142.0,47.0,26.9646,28.125,11.34,10.0
90.0,10.0,10.0,cresh05,IRC_LIBRARY_1,62.1419,156.0,50.0,26.993,30.25,11.38,10.0
90.0,10.0,10.0,cresh05,IRC_LIBRARY_1,62.1419,156.0,50.0,26.993,30.25,11.38,10.0
65.0,10.0,10.0,cresh05,IRC_LIBRARY_1,61.9667,162.0,49.0,27.0962,30.125,12.1,10.0
83.0,10.0,10.0,cresh04,IRC_LIBRARY_1,61.8852,173.0,52.0,27.1415,27.625,12.2,10.0
82.0,9.0,10.0,cresh13,NEAR_DIC_STUDIO_1,60.3182,47.0,47.0,26.6803,29.0,12.38,10.0
108.0,10.0,10.0,cresh05,IRC_LIBRARY_1,61.9837,265.0,53.0,27.3942,30.125,13.37,10.0
67.0,10.0,10.0,cresh05,IRC_LIBRARY_1,61.8353,275.0,48.0,27.4563,29.875,13.58,10.0
70.0,10.0,10.0,cresh06,BUILDING_MATERIALS_LAB,52.5515,64.0,44.0,25.0409,27.0,14.1,10.0
68.0,10.0,10.0,cresh06,BUILDING_MATERIALS_LAB,52.5552,63.0,44.0,25.0409,28.125,14.16,10.0
66.0,10.0,10.0,cresh06,BUILDING_MATERIALS_LAB,52.4323,65.0,44.0,24.8334,29.0,14.31,10.0
62.0,10.0,10.0,cresh06,BUILDING_MATERIALS_LAB,53.1172,66.0,45.0,24.4933,28.5,14.46,10.0
105.0,10.0,10.0,cresh14,NEAR_DIC_STUDIO_1,59.5238,46.0,49.0,26.9593,28.375,14.57,11.0
65.0,10.0,10.0,cresh06,BUILDING_MATERIALS_LAB,53.6683,65.0,45.0,24.5207,28.375,15.16,9.0
65.0,10.0,10.0,cresh05,IRC_LIBRARY_1,60.7087,412.0,51.0,28.0218,29.75,15.27,10.0
62.0,10.0,10.0,cresh06,BUILDING_MATERIALS_LAB,53.7134,62.0,48.0,24.507,28.125,15.31,9.0
80.0,10.0,10.0,cresh05,IRC_LIBRARY_1,60.9825,489.0,56.0,27.9596,29.75,15.38,10.0
64.0,10.0,10.0,cresh06,BUILDING_MATERIALS_LAB,53.4348,62.0,45.0,25.0862,28.0,15.46,10.0
66.0,10.0,10.0,cresh06,BUILDING_MATERIALS_LAB,53.3958,62.0,44.0,24.7324,28.25,16.1,10.0
96.0,10.0,10.0,cresh14,NEAR_DIC_STUDIO_1,59.4179,37.0,53.0,26.9446,28.75,16.5,10.0
82.0,10.0,10.0,cresh04,IRC_LIBRARY_1,60.6808,313.0,55.0,27.9765,28.75,16.5,10.0
64.0,10.0,10.0,cresh06,BUILDING_MATERIALS_LAB,53.2231,62.0,44.0,24.6113,28.375,16.16,9.0
65.0,10.0,10.0,cresh06,BUILDING_MATERIALS_LAB,53.2231,62.0,44.0,24.6113,28.375,16.16,9.0
90.0,10.0,10.0,cresh14,NEAR_DIC_STUDIO_1,58.8048,38.0,54.0,26.9172,29.125,16.22,10.0
64.0,10.0,10.0,cresh06,BUILDING_MATERIALS_LAB,53.1026,63.0,44.0,24.507,27.875,16.31,9.0
88.0,10.0,10.0,cresh14,NEAR_DIC_STUDIO_1,58.3765,38.0,54.0,26.8572,29.375,16.39,10.0
107.0,10.0,10.0,cresh06,OPEN_EXHIBITION_SPACE_2,80.2447,321.0,63.0,29.1853,28.875,16.53,11.0
79.0,10.0,10.0,cresh06,IRC_LIBRARY_1,58.8486,490.0,47.0,28.1681,30.75,17.3,11.0
113.0,10.0,10.0,cresh10,EXECUTIVE_SEMINAR_ROOM_B,81.7073,125.0,46.0,26.0714,30.25,17.5,11.0
77.0,10.0,10.0,cresh04,IRC_LIBRARY_1,58.9982,414.0,49.0,28.0807,28.5,17.9,10.0
75.0,10.0,10.0,cresh04,IRC_LIBRARY_1,59.0262,366.0,50.0,28.0944,28.75,17.15,10.0
90.0,10.0,10.0,cresh10,EXECUTIVE_SEMINAR_ROOM_B,79.3951,1294.0,48.0,26.8547,30.25,17.16,11.0
98.0,10.0,10.0,cresh14,NEAR_DIC_STUDIO_1,59.0055,35.0,56.0,26.7982,28.625,17.21,10.0
76.0,10.0,10.0,cresh04,IRC_LIBRARY_1,58.677,330.0,50.0,28.2134,28.75,17.25,10.0
74.0,10.0,10.0,cresh04,IRC_LIBRARY_1,58.7257,314.0,52.0,28.1534,28.5,17.35,10.0
85.0,10.0,10.0,cresh14,NEAR_DIC_STUDIO_1,58.9654,36.0,53.0,26.8267,28.25,17.36,10.0
83.0,10.0,10.0,cresh10,EXECUTIVE_SEMINAR_ROOM_B,80.2218,1294.0,44.0,26.9298,30.375,17.41,11.0
72.0,10.0,10.0,cresh04,IRC_LIBRARY_1,58.5821,261.0,47.0,28.0944,28.75,17.45,10.0
78.0,10.0,10.0,cresh10,EXECUTIVE_SEMINAR_ROOM_A,81.7418,41.0,44.0,25.8493,30.25,17.54,10.0
91.0,10.0,10.0,cresh14,NEAR_DIC_STUDIO_1,59.2659,31.0,55.0,26.813,29.75,18.2,10.0
80.0,10.0,10.0,cresh10,EXECUTIVE_SEMINAR_ROOM_B,74.7934,1294.0,45.0,26.3833,29.875,18.13,10.0
93.0,10.0,10.0,cresh14,NEAR_DIC_STUDIO_1,59.0785,28.0,54.0,26.6803,28.5,18.15,10.0
69.0,10.0,10.0,cresh10,EXECUTIVE_SEMINAR_ROOM_B,77.592,1294.0,45.0,26.5283,30.125,18.24,10.0
92.0,10.0,10.0,cresh14,NEAR_DIC_STUDIO_1,59.2282,63.0,51.0,26.7393,28.375,18.3,10.0
68.0,10.0,10.0,cresh10,EXECUTIVE_SEMINAR_ROOM_A,80.0541,41.0,50.0,25.4529,30.125,18.33,10.0
88.0,9.0,11.0,cresh13,NEAR_DIC_STUDIO_1,59.2403,61.0,55.0,26.754,28.5,18.58,11.0
101.0,9.0,11.0,cresh13,OPEN_EXHIBITION_SPACE_2,84.1159,99.0,63.0,27.9828,28.375,19.31,11.0
64.0,10.0,10.0,cresh05,IRC_LIBRARY_1,61.6625,119.0,49.0,26.6835,29.375,9.31,10.0
101.0,9.0,11.0,cresh01,OPEN_EXHIBITION_SPACE_2,82.9091,123.0,65.0,28.5029,30.75,9.44,11.0
64.0,10.0,10.0,cresh06,BUILDING_MATERIALS_LAB,53.6963,65.0,44.0,24.4175,27.25,9.46,10.0
61.0,10.0,10.0,cresh05,IRC_LIBRARY_1,61.0993,104.0,48.0,26.7287,28.875,9.53,10.0
61.0,10.0,10.0,cresh05,IRC_LIBRARY_1,61.0421,102.0,49.0,26.8014,28.75,9.55,10.0
59.0,10.0,10.0,cresh06,BUILDING_MATERIALS_LAB,53.4761,70.0,44.0,24.5207,28.0,10.0,10.0
81.0,9.0,10.0,cresh01,ENERGY_LAB_1,67.4973,48.0,46.0,26.2644,29.875,10.1,11.0
63.0,10.0,10.0,cresh06,BUILDING_MATERIALS_LAB,53.2255,62.0,44.0,24.4344,28.25,10.15,10.0
71.0,9.0,10.0,cresh01,ENERGY_LAB_1,66.9462,33.0,46.0,26.3402,30.625,10.17,11.0
74.0,10.0,10.0,cresh05,IRC_LIBRARY_1,60.8365,93.0,51.0,26.7877,28.75,10.18,10.0
60.0,10.0,10.0,cresh06,BUILDING_MATERIALS_LAB,53.0065,65.0,44.0,24.4481,28.125,10.3,10.0
77.0,9.0,10.0,cresh01,ENERGY_LAB_1,66.8623,47.0,47.0,26.3992,30.25,10.32,10.0
73.0,10.0,10.0,cresh05,IRC_LIBRARY_1,60.5761,143.0,50.0,26.9056,28.75,10.35,10.0
55.0,10.0,10.0,cresh06,BUDS_LAB,54.902,28.0,41.0,24.7882,28.125,10.45,10.0
68.0,9.0,11.0,cresh01,ENERGY_LAB_1,66.3051,33.0,47.0,26.4581,30.625,10.47,10.0
59.0,10.0,10.0,cresh06,BUILDING_MATERIALS_LAB,52.4676,70.0,45.0,24.5523,27.875,11.0,9.0
74.0,9.0,10.0,cresh01,ENERGY_LAB_1,66.8635,35.0,48.0,26.2949,30.5,11.2,10.0
61.0,10.0,10.0,cresh05,IRC_LIBRARY_1,60.6297,112.0,49.0,26.8604,28.875,11.5,10.0
72.0,10.0,10.0,cresh05,IRC_LIBRARY_1,60.4484,118.0,50.0,26.9193,28.75,11.14,10.0
60.0,10.0,10.0,cresh06,BUILDING_MATERIALS_LAB,52.4213,64.0,44.0,24.4765,27.375,11.15,9.0
70.0,9.0,10.0,cresh01,ENERGY_LAB_1,66.6469,38.0,49.0,26.2644,30.5,11.17,10.0
59.0,10.0,10.0,cresh05,IRC_LIBRARY_1,60.3961,114.0,50.0,26.9193,29.25,11.19,10.0
64.0,10.0,10.0,cresh01,ENERGY_LAB_1,66.535,34.0,49.0,26.2812,30.25,11.32,10.0
68.0,10.0,10.0,cresh05,IRC_LIBRARY_1,60.1953,133.0,49.0,26.8919,28.75,11.43,9.0
63.0,9.0,10.0,cresh01,ENERGY_LAB_1,66.1396,41.0,48.0,26.3686,30.5,11.48,10.0
74.0,10.0,10.0,cresh05,IRC_LIBRARY_1,60.0396,128.0,52.0,26.9341,28.75,11.51,9.0
110.0,10.0,10.0,cresh05,BUDS_LAB,56.5444,244.0,42.0,26.3434,29.25,11.55,10.0
59.0,9.0,10.0,cresh01,ENERGY_LAB_1,65.861,46.0,46.0,26.4581,30.125,12.3,10.0
72.0,10.0,,cresh10,EXECUTIVE_SEMINAR_ROOM_A,85.0352,44.0,46.0,25.2641,30.625,12.13,10.0
60.0,9.0,10.0,cresh01,ENERGY_LAB_1,65.7722,46.0,46.0,26.4413,30.375,12.18,10.0
93.0,9.0,10.0,cresh13,NEAR_DIC_STUDIO_1,60.0311,46.0,47.0,26.4834,29.375,12.19,10.0
59.0,9.0,10.0,cresh01,ENERGY_LAB_1,65.7953,48.0,46.0,26.4581,30.0,12.33,10.0
87.0,10.0,10.0,cresh10,EXECUTIVE_SEMINAR_ROOM_A,85.9189,45.0,44.0,25.4091,29.375,12.34,10.0
76.0,10.0,10.0,cresh07,EXECUTIVE_SEMINAR_ROOM_A,83.84700000000002,46.0,45.0,25.3059,28.75,12.35,10.0
74.0,10.0,10.0,cresh07,EXECUTIVE_SEMINAR_ROOM_A,80.7284,44.0,46.0,24.8073,28.75,12.39,10.0
64.0,10.0,10.0,cresh01,ENERGY_LAB_1,65.4328,49.0,45.0,26.5455,30.25,12.48,10.0
76.0,10.0,10.0,cresh10,EXECUTIVE_SEMINAR_ROOM_A,86.7456,43.0,46.0,25.3945,29.375,12.5,10.0
75.0,10.0,10.0,cresh07,EXECUTIVE_SEMINAR_ROOM_A,79.721,45.0,45.0,24.8657,28.0,13.0,10.0
59.0,10.0,10.0,cresh01,ENERGY_LAB_1,65.5216,50.0,46.0,26.5003,30.25,13.4,10.0
80.0,10.0,10.0,cresh10,EXECUTIVE_SEMINAR_ROOM_A,81.9809,43.0,44.0,25.1025,29.0,13.4,10.0
77.0,10.0,10.0,cresh07,EXECUTIVE_SEMINAR_ROOM_A,84.1479,44.0,44.0,25.3945,28.125,13.1,10.0
75.0,10.0,10.0,cresh10,EXECUTIVE_SEMINAR_ROOM_A,78.08800000000002,44.0,46.0,25.189,28.625,13.17,10.0
64.0,10.0,10.0,cresh01,ENERGY_LAB_1,65.2186,51.0,47.0,26.5003,30.25,13.19,10.0
77.0,10.0,10.0,cresh07,EXECUTIVE_SEMINAR_ROOM_A,81.8262,43.0,45.0,25.3225,27.25,13.26,10.0
62.0,10.0,10.0,cresh01,ENERGY_LAB_1,65.2247,51.0,49.0,26.5929,30.125,13.34,11.0
81.0,10.0,10.0,cresh07,EXECUTIVE_SEMINAR_ROOM_A,77.1841,44.0,46.0,25.3361,28.125,13.35,10.0
101.0,10.0,,cresh08,BUILDING_MATERIALS_LAB,52.0551,71.0,44.0,24.8787,31.375,13.4,10.0
76.0,10.0,10.0,cresh10,EXECUTIVE_SEMINAR_ROOM_A,77.0294,44.0,55.0,24.9857,28.375,13.4,11.0
78.0,10.0,,cresh08,BUILDING_MATERIALS_LAB,51.8751,72.0,44.0,24.9377,30.125,13.43,11.0
79.0,10.0,,cresh08,BUILDING_MATERIALS_LAB,51.8313,71.0,44.0,24.9377,29.75,13.44,11.0
89.0,10.0,11.0,cresh13,OPEN_EXHIBITION_SPACE_2,70.2505,186.0,68.0,30.6699,29.625,13.44,11.0
79.0,10.0,11.0,cresh08,OUTSIDE_RESTROOM,74.8674,52.0,65.0,30.9005,30.75,13.5,11.0
73.0,10.0,10.0,cresh10,EXECUTIVE_SEMINAR_ROOM_A,77.309,44.0,45.0,25.2057,28.25,13.55,10.0
91.0,10.0,10.0,cresh04,CAFE,67.3443,90.0,65.0,29.5592,29.375,13.59,10.0
64.0,10.0,10.0,cresh08,EXECUTIVE_SEMINAR_ROOM_A,78.8159,44.0,46.0,25.2641,28.875,13.59,10.0
87.0,10.0,10.0,cresh14,NEAR_DIC_STUDIO_1,59.4459,45.0,47.0,26.6635,29.875,14.0,10.0
91.0,10.0,10.0,cresh05,IRC_LIBRARY_1,58.6916,224.0,53.0,27.2626,29.375,14.6,10.0
111.0,10.0,10.0,cresh11,IRC_LIBRARY_1,58.6916,224.0,53.0,27.2626,32.25,14.6,11.0
70.0,10.0,10.0,cresh10,EXECUTIVE_SEMINAR_ROOM_A,78.54,46.0,46.0,25.1609,28.25,14.1,10.0
75.0,10.0,10.0,cresh08,EXECUTIVE_SEMINAR_ROOM_A,78.54,46.0,46.0,25.1609,26.625,14.1,10.0
100.0,10.0,10.0,cresh14,NEAR_DIC_STUDIO_1,59.5274,46.0,51.0,26.7982,27.875,14.16,10.0
87.0,10.0,10.0,cresh08,HOT_DESKING_ARCHITECTURE_STUDIO_SPACE_1,69.6409,1292.0,47.0,26.2949,28.625,14.19,10.0
78.0,10.0,11.0,cresh10,HOT_DESKING_ARCHITECTURE_STUDIO_SPACE_1,69.6409,1292.0,47.0,26.2949,28.625,14.19,10.0
77.0,10.0,10.0,cresh08,HOT_DESKING_ARCHITECTURE_STUDIO_SPACE_1,69.793,1292.0,45.0,26.2812,28.25,14.22,10.0
83.0,10.0,10.0,cresh10,HOT_DESKING_ARCHITECTURE_STUDIO_SPACE_1,69.6239,1292.0,44.0,26.2949,28.75,14.24,10.0
80.0,10.0,10.0,cresh10,HOT_DESKING_ARCHITECTURE_STUDIO_SPACE_1,69.4293,1291.0,46.0,26.3686,28.875,14.27,10.0
74.0,10.0,10.0,cresh10,EXECUTIVE_SEMINAR_ROOM_A,78.6601,43.0,45.0,25.2777,28.375,14.4,10.0
90.0,10.0,10.0,cresh13,NEAR_DIC_STUDIO_1,59.7805,47.0,51.0,26.8404,28.0,14.41,10.0
70.0,10.0,10.0,cresh07,EXECUTIVE_SEMINAR_ROOM_A,78.7719,44.0,47.0,25.0441,28.375,14.42,9.0
88.0,10.0,10.0,cresh14,NEAR_DIC_STUDIO_1,59.4885,46.0,53.0,26.8267,27.625,14.48,10.0
80.0,10.0,10.0,cresh07,EXECUTIVE_SEMINAR_ROOM_A,84.3275,45.0,45.0,25.3361,28.375,14.53,10.0
67.0,10.0,10.0,cresh10,EXECUTIVE_SEMINAR_ROOM_A,84.43700000000003,45.0,47.0,25.4091,28.125,14.55,10.0
98.0,10.0,11.0,cresh12,CAFE,64.5801,100.0,69.0,29.5144,32.375,14.55,11.0
86.0,10.0,10.0,cresh04,IRC_LIBRARY_1,58.2099,303.0,48.0,27.5437,29.125,15.0,10.0
79.0,10.0,10.0,cresh07,EXECUTIVE_SEMINAR_ROOM_A,78.5875,44.0,44.0,24.6759,27.5,15.3,9.0
65.0,10.0,10.0,cresh10,EXECUTIVE_SEMINAR_ROOM_A,84.6344,45.0,45.0,25.2057,27.625,15.1,10.0
99.0,11.0,10.0,cresh11,IRC_LIBRARY_1,58.0967,322.0,48.0,27.6616,32.125,15.12,11.0
94.0,10.0,10.0,cresh04,IRC_LIBRARY_1,58.0967,322.0,48.0,27.6616,29.0,15.12,10.0
113.0,10.0,10.0,cresh05,IRC_LIBRARY_1,58.0967,322.0,48.0,27.6616,31.875,15.12,11.0
67.0,10.0,11.0,cresh12,CAFE,68.6883,106.0,67.0,29.4998,31.5,15.13,10.0
76.0,10.0,10.0,cresh14,NEAR_DIC_STUDIO_1,59.1381,45.0,50.0,26.7982,27.625,15.13,9.0
73.0,10.0,10.0,cresh07,EXECUTIVE_SEMINAR_ROOM_A,86.7146,43.0,45.0,25.5426,28.125,15.14,10.0
78.0,10.0,10.0,cresh05,IRC_LIBRARY_1,58.1965,323.0,49.0,27.7522,30.5,15.19,11.0
88.0,10.0,10.0,cresh04,IRC_LIBRARY_1,58.2245,338.0,49.0,27.7206,28.5,15.23,10.0
75.0,10.0,10.0,cresh07,EXECUTIVE_SEMINAR_ROOM_A,82.4602,45.0,44.0,24.8657,28.125,15.24,10.0
66.0,10.0,10.0,cresh10,EXECUTIVE_SEMINAR_ROOM_A,82.4602,45.0,44.0,24.8657,28.125,15.25,10.0
68.0,10.0,11.0,cresh12,OPEN_EXHIBITION_SPACE_2,74.8759,278.0,67.0,30.6257,31.5,15.32,10.0
88.0,10.0,10.0,cresh04,IRC_LIBRARY_1,58.1685,361.0,50.0,27.7522,28.5,15.33,10.0
102.0,10.0,10.0,cresh14,NEAR_DIC_STUDIO_1,59.4946,46.0,53.0,26.8719,27.625,15.34,10.0
100.0,10.0,10.0,cresh09,BUDS_LAB,54.8509,208.0,42.0,24.6702,28.5,15.34,11.0
77.0,10.0,11.0,cresh07,TERRACE,78.7629,99.0,68.0,30.1919,28.5,15.34,10.0
89.0,10.0,10.0,cresh11,IRC_LIBRARY_1,58.2962,358.0,47.0,27.7375,30.125,15.38,11.0
67.0,10.0,10.0,cresh10,EXECUTIVE_SEMINAR_ROOM_A,81.115,45.0,44.0,24.7937,28.0,15.4,9.0
76.0,10.0,10.0,cresh05,IRC_LIBRARY_1,58.4495,363.0,56.0,27.7659,30.5,15.4,10.0
82.0,10.0,10.0,cresh04,IRC_LIBRARY_1,58.2707,365.0,54.0,27.7659,30.625,15.42,10.0
79.0,10.0,10.0,cresh07,EXECUTIVE_SEMINAR_ROOM_A,86.7908,44.0,45.0,25.1025,28.75,15.44,10.0
77.0,10.0,11.0,cresh12,OPEN_EXHIBITION_SPACE_2,78.078,297.0,65.0,29.9423,31.875,15.48,11.0
82.0,10.0,10.0,cresh11,IRC_LIBRARY_1,58.2245,393.0,52.0,27.8112,30.25,15.49,10.0
70.0,10.0,10.0,cresh05,IRC_LIBRARY_1,58.0481,393.0,49.0,27.8722,30.125,15.51,10.0
83.0,10.0,10.0,cresh04,IRC_LIBRARY_1,58.0517,394.0,50.0,27.8722,28.75,15.53,10.0
109.0,10.0,10.0,cresh07,OPEN_EXHIBITION_SPACE_2,77.3213,302.0,64.0,29.7338,29.0,15.54,10.0
90.0,10.0,10.0,cresh09,BUDS_LAB,57.6004,157.0,42.0,23.7173,27.625,15.58,10.0
85.0,10.0,10.0,cresh04,IRC_LIBRARY_1,57.7755,411.0,53.0,27.9596,28.75,16.2,10.0
92.0,10.0,10.0,cresh14,NEAR_DIC_STUDIO_1,59.2938,44.0,55.0,26.9172,27.75,16.4,10.0
80.0,10.0,10.0,cresh07,IRC_LIBRARY_1,57.7196,430.0,48.0,27.9912,30.0,16.7,10.0
76.0,10.0,10.0,cresh04,IRC_LIBRARY_1,57.5797,440.0,52.0,28.0218,28.75,16.16,10.0
90.0,9.0,11.0,cresh13,NEAR_DIC_STUDIO_1,59.4009,41.0,56.0,26.8856,28.25,16.19,10.0
76.0,10.0,10.0,cresh07,IRC_LIBRARY_1,57.7232,468.0,50.0,28.0049,29.875,16.22,10.0
91.0,9.0,10.0,cresh05,EXECUTIVE_SEMINAR_ROOM_A,88.5249,13.0,51.0,25.0722,30.375,16.22,11.0
91.0,9.0,10.0,cresh11,EXECUTIVE_SEMINAR_ROOM_A,88.5249,13.0,51.0,25.0722,29.625,16.22,10.0
84.0,10.0,10.0,cresh14,NEAR_DIC_STUDIO_1,59.1892,41.0,48.0,26.8719,27.5,16.25,9.0
70.0,9.0,10.0,cresh05,EXECUTIVE_SEMINAR_ROOM_A,87.4366,14.0,48.0,25.4362,30.0,16.26,11.0
90.0,10.0,10.0,cresh04,EXECUTIVE_SEMINAR_ROOM_A,87.5579,14.0,48.0,25.5124,28.75,16.27,10.0
76.0,10.0,10.0,cresh07,IRC_LIBRARY_1,57.3996,1294.0,48.0,28.2271,30.0,16.33,10.0
84.0,11.0,10.0,cresh11,IRC_LIBRARY_1,56.9848,1294.0,49.0,28.3903,29.875,16.34,10.0
77.0,10.0,10.0,cresh07,IRC_LIBRARY_1,55.9373,1294.0,48.0,28.7051,30.125,16.42,10.0
68.0,11.0,10.0,cresh11,IRC_LIBRARY_1,56.3606,1294.0,50.0,28.5703,29.875,16.45,10.0
69.0,10.0,10.0,cresh05,IRC_LIBRARY_1,56.4531,1294.0,49.0,28.5114,29.875,16.45,10.0
76.0,10.0,10.0,cresh07,IRC_LIBRARY_1,56.5723,1294.0,50.0,28.4966,30.125,16.5,10.0
68.0,10.0,10.0,cresh05,IRC_LIBRARY_1,56.4495,1294.0,50.0,28.5282,30.0,16.53,10.0
77.0,11.0,10.0,cresh11,IRC_LIBRARY_1,56.6332,1294.0,50.0,28.4798,30.0,16.55,10.0
98.0,10.0,10.0,cresh14,NEAR_DIC_STUDIO_1,59.3827,37.0,52.0,26.9004,27.5,17.0,10.0
99.0,10.0,10.0,cresh14,NEAR_DIC_STUDIO_1,59.3827,37.0,52.0,26.9004,27.875,17.0,10.0
81.0,10.0,10.0,cresh07,IRC_LIBRARY_1,57.4738,424.0,51.0,28.1818,29.875,17.6,10.0
71.0,10.0,10.0,cresh07,IRC_LIBRARY_1,57.4385,337.0,50.0,28.1681,29.625,17.1,10.0
76.0,11.0,10.0,cresh11,OPEN_EXHIBITION_SPACE_2,77.9186,253.0,67.0,29.7654,29.25,17.23,10.0
86.0,10.0,10.0,cresh14,NEAR_DIC_STUDIO_1,59.0603,36.0,53.0,26.8572,27.5,17.42,9.0
63.0,10.0,10.0,cresh05,IRC_LIBRARY_1,57.205,133.0,48.0,28.0502,29.75,18.5,10.0
99.0,10.0,10.0,cresh14,NEAR_DIC_STUDIO_1,58.9423,74.0,58.0,26.8856,27.75,18.7,9.0
89.0,10.0,11.0,cresh13,NEAR_DIC_STUDIO_1,58.9033,70.0,57.0,26.813,28.125,18.22,10.0
57.0,10.0,10.0,cresh05,IRC_LIBRARY_1,57.2609,178.0,46.0,27.8385,29.75,19.1,10.0
93.0,10.0,10.0,cresh05,OPEN_EXHIBITION_SPACE_2,77.6437,97.0,67.0,28.843000000000004,30.5,19.14,10.0
102.0,10.0,10.0,cresh14,NEAR_DIC_STUDIO_1,59.6795,61.0,45.0,26.456,27.0,20.28,9.0
88.0,10.0,10.0,cresh14,NEAR_DIC_STUDIO_1,66.1676,63.0,44.0,26.8856,27.375,20.44,10.0
115.0,10.0,10.0,cresh14,NEAR_DIC_STUDIO_1,65.7722,62.0,45.0,27.0488,28.375,20.57,10.0
90.0,10.0,10.0,cresh14,NEAR_DIC_STUDIO_1,66.3963,62.0,45.0,27.3468,29.375,21.5,10.0
77.0,10.0,10.0,cresh14,NEAR_DIC_STUDIO_1,66.8562,63.0,44.0,27.4205,30.125,22.6,10.0
78.0,10.0,10.0,cresh14,NEAR_DIC_STUDIO_1,67.9389,62.0,45.0,27.6143,30.375,22.56,10.0
79.0,10.0,10.0,cresh14,NEAR_DIC_STUDIO_1,68.2066,63.0,45.0,27.6143,30.125,23.1,10.0
75.0,10.0,10.0,cresh14,NEAR_DIC_STUDIO_1,68.1835,62.0,45.0,27.5974,30.125,23.12,10.0
81.0,10.0,,cresh14,NEAR_DIC_STUDIO_1,68.4937,61.0,45.0,27.628,30.125,23.23,10.0
102.0,10.0,10.0,cresh14,NEAR_DIC_STUDIO_1,68.7747,63.0,45.0,27.7322,29.5,23.43,9.0
93.0,10.0,10.0,cresh14,NEAR_DIC_STUDIO_1,68.9025,62.0,48.0,27.7606,30.0,23.59,10.0
85.0,10.0,10.0,cresh14,NEAR_DIC_STUDIO_1,69.2018,62.0,47.0,27.7743,30.375,0.21,10.0
85.0,10.0,10.0,cresh14,NEAR_DIC_STUDIO_1,69.3125,62.0,45.0,27.8196,30.125,0.45,10.0
88.0,10.0,10.0,cresh13,NEAR_DIC_STUDIO_1,62.38399999999999,51.0,49.0,26.9899,29.875,10.57,11.0
102.0,10.0,11.0,cresh13,NEAR_DIC_STUDIO_1,68.9244,38.0,52.0,27.1952,29.875,14.45,10.0
75.0,10.0,10.0,cresh14,NEAR_DIC_STUDIO_1,65.7503,73.0,48.0,27.51,31.25,17.24,10.0
85.0,10.0,10.0,cresh13,NEAR_DIC_STUDIO_1,72.9659,61.0,46.0,28.3671,31.625,22.32,11.0
93.0,10.0,10.0,cresh14,EXECUTIVE_SEMINAR_ROOM_B,63.6488,1294.0,48.0,27.6338,28.125,14.9,10.0
97.0,10.0,10.0,cresh14,EXECUTIVE_SEMINAR_ROOM_B,63.4419,48.0,47.0,27.6203,28.125,14.27,10.0
69.0,9.0,11.0,cresh13,NEAR_DIC_STUDIO_1,57.6077,84.0,52.0,27.3774,28.75,14.28,10.0
103.0,10.0,11.0,cresh14,EXECUTIVE_SEMINAR_ROOM_A,71.2038,16.0,44.0,24.8939,27.625,14.44,9.0
86.0,10.0,10.0,cresh14,EXECUTIVE_SEMINAR_ROOM_A,75.2382,17.0,45.0,25.0889,26.25,15.18,9.0
66.0,10.0,10.0,cresh06,BUILDING_MATERIALS_LAB,52.661,59.0,45.0,24.7597,29.0,15.22,10.0
90.0,10.0,10.0,cresh04,IRC_LIBRARY_1,57.0432,360.0,46.0,28.0944,29.375,15.32,10.0
84.0,10.0,10.0,cresh14,EXECUTIVE_SEMINAR_ROOM_A,72.8535,15.0,45.0,24.8793,28.375,15.33,10.0
68.0,10.0,10.0,cresh06,BUILDING_MATERIALS_LAB,52.4286,59.0,45.0,24.7597,29.125,15.37,10.0
90.0,10.0,10.0,cresh04,IRC_LIBRARY_1,56.9884,387.0,46.0,28.0944,29.625,15.44,10.0
68.0,10.0,10.0,cresh06,BUILDING_MATERIALS_LAB,52.1756,59.0,46.0,24.9229,28.75,15.52,10.0
87.0,10.0,10.0,cresh04,IRC_LIBRARY_1,56.8558,408.0,52.0,28.1534,29.375,15.54,10.0
68.0,10.0,10.0,cresh06,BUILDING_MATERIALS_LAB,52.2948,59.0,45.0,24.9377,29.0,16.7,10.0
89.0,10.0,10.0,cresh14,EXECUTIVE_SEMINAR_ROOM_B,63.4514,122.0,50.0,27.8101,28.75,16.31,10.0
83.0,10.0,10.0,cresh04,IRC_LIBRARY_1,55.6368,1294.0,48.0,28.8367,29.0,16.38,10.0
81.0,10.0,10.0,cresh04,IRC_LIBRARY_1,56.1356,1256.0,54.0,28.6883,29.125,16.46,10.0
83.0,10.0,10.0,cresh14,EXECUTIVE_SEMINAR_ROOM_A,80.2646,15.0,45.0,25.5124,29.375,16.47,10.0
68.0,10.0,10.0,cresh06,BUILDING_MATERIALS_LAB,52.3654,58.0,45.0,24.7461,28.5,16.52,10.0
86.0,10.0,10.0,cresh14,EXECUTIVE_SEMINAR_ROOM_B,64.3006,38.0,48.0,27.7507,29.875,17.7,10.0
86.0,10.0,10.0,cresh14,EXECUTIVE_SEMINAR_ROOM_B,64.1769,51.0,49.0,27.5316,30.125,17.36,10.0
87.0,10.0,10.0,cresh14,EXECUTIVE_SEMINAR_ROOM_B,63.5513,66.0,50.0,27.5619,29.0,17.45,10.0
85.0,10.0,10.0,cresh14,EXECUTIVE_SEMINAR_ROOM_B,62.3679,19.0,48.0,27.6923,29.375,18.7,10.0
79.0,10.0,11.0,cresh13,NEAR_DIC_STUDIO_1,56.475,61.0,52.0,27.3015,28.75,19.5,11.0
85.0,10.0,10.0,cresh13,NEAR_DIC_STUDIO_1,65.9376,60.0,53.0,28.2355,30.375,22.14,11.0
66.0,10.0,10.0,cresh06,BUILDING_MATERIALS_LAB,53.8362,63.0,45.0,24.2396,27.25,10.29,10.0
61.0,10.0,10.0,cresh06,BUILDING_MATERIALS_LAB,53.7073,60.0,45.0,24.3586,28.125,10.46,10.0
58.0,10.0,10.0,cresh06,BUILDING_MATERIALS_LAB,52.9907,61.0,46.0,24.3301,28.25,11.1,10.0
58.0,10.0,10.0,cresh06,BUDS_LAB,54.9287,193.0,42.0,23.273000000000003,28.125,11.16,10.0
60.0,10.0,10.0,cresh06,BUILDING_MATERIALS_LAB,52.2839,70.0,44.0,24.566,28.125,11.31,9.0
59.0,10.0,10.0,cresh06,BUILDING_MATERIALS_LAB,52.3155,69.0,44.0,24.9967,27.5,11.46,9.0
60.0,10.0,10.0,cresh06,BUILDING_MATERIALS_LAB,51.9529,70.0,45.0,25.0272,27.625,12.1,9.0
64.0,10.0,10.0,cresh06,BUILDING_MATERIALS_LAB,52.2376,66.0,46.0,25.1599,27.875,12.16,9.0
62.0,10.0,10.0,cresh06,BUDS_LAB,57.121,224.0,42.0,22.8423,27.75,12.31,9.0
83.0,10.0,10.0,cresh13,NEAR_DIC_STUDIO_1,56.7317,95.0,48.0,27.1668,29.125,12.37,10.0
59.0,10.0,10.0,cresh06,BUDS_LAB,56.2098,224.0,42.0,23.5847,27.5,12.46,9.0
63.0,10.0,10.0,cresh06,BUILDING_MATERIALS_LAB,52.7218,65.0,44.0,24.3891,27.25,13.1,9.0
90.0,9.0,10.0,cresh12,OPEN_EXHIBITION_SPACE_2,64.2004,225.0,66.0,30.7573,31.75,13.9,11.0
85.0,10.0,10.0,cresh13,IRC_LIBRARY_1,56.9288,232.0,50.0,27.9596,29.375,13.1,11.0
88.0,9.0,10.0,cresh12,OPEN_EXHIBITION_SPACE_2,64.3342,202.0,66.0,30.6983,31.5,13.13,11.0
66.0,10.0,10.0,cresh06,BUILDING_MATERIALS_LAB,52.7389,62.0,45.0,24.2849,27.5,13.31,9.0
64.0,9.0,11.0,cresh12,OPEN_EXHIBITION_SPACE_2,74.7591,213.0,69.0,29.8518,31.875,13.33,11.0
72.0,10.0,10.0,cresh08,OPEN_EXHIBITION_SPACE_2,73.4854,202.0,69.0,29.8518,30.125,13.38,10.0
78.0,10.0,10.0,cresh08,OPEN_EXHIBITION_SPACE_2,75.51100000000002,202.0,69.0,29.7791,30.25,13.4,11.0
68.0,10.0,11.0,cresh12,OPEN_EXHIBITION_SPACE_2,74.8674,197.0,66.0,29.8665,31.75,13.5,11.0
91.0,10.0,10.0,cresh08,CAFE,66.5783,90.0,66.0,28.971,31.25,13.51,10.0
86.0,10.0,11.0,cresh08,CAFE,67.2753,88.0,68.0,28.9845,30.375,14.1,10.0
60.0,10.0,10.0,cresh06,BUILDING_MATERIALS_LAB,52.2899,63.0,45.0,24.4344,28.125,14.1,9.0
59.0,10.0,10.0,cresh06,BUILDING_MATERIALS_LAB,52.4822,66.0,45.0,24.4028,28.25,14.16,9.0
83.0,10.0,10.0,cresh08,OPEN_EXHIBITION_SPACE_2,71.0571,234.0,70.0,30.0466,30.0,14.17,10.0
94.0,10.0,10.0,cresh12,EXECUTIVE_SEMINAR_ROOM_A,77.0794,25.0,46.0,25.3225,28.5,14.2,10.0
85.0,10.0,11.0,cresh08,OPEN_EXHIBITION_SPACE_2,69.6203,238.0,70.0,30.5383,29.625,14.26,10.0
77.0,10.0,10.0,cresh12,EXECUTIVE_SEMINAR_ROOM_A,77.7336,26.0,45.0,25.3945,27.875,14.36,10.0
82.0,10.0,10.0,cresh08,OPEN_EXHIBITION_SPACE_2,69.9925,246.0,70.0,30.4762,29.0,14.39,10.0
76.0,10.0,11.0,cresh08,OPEN_EXHIBITION_SPACE_2,69.9366,248.0,69.0,30.7741,28.875,14.48,11.0
69.0,10.0,10.0,cresh12,EXECUTIVE_SEMINAR_ROOM_A,76.3348,25.0,45.0,25.4091,27.25,14.5,10.0
79.0,10.0,11.0,cresh08,OPEN_EXHIBITION_SPACE_2,70.8794,240.0,70.0,30.6699,30.125,14.58,10.0
85.0,10.0,10.0,cresh13,NEAR_DIC_STUDIO_1,56.9373,89.0,56.0,27.1952,29.875,15.0,11.0
93.0,10.0,11.0,cresh08,OPEN_EXHIBITION_SPACE_2,72.1082,251.0,70.0,30.4762,30.75,15.7,10.0
63.0,10.0,10.0,cresh12,EXECUTIVE_SEMINAR_ROOM_A,78.81,26.0,47.0,25.2339,27.0,15.7,10.0
66.0,10.0,10.0,cresh12,EXECUTIVE_SEMINAR_ROOM_A,82.7373,26.0,47.0,25.6897,27.0,15.13,10.0
93.0,10.0,10.0,cresh08,EXECUTIVE_SEMINAR_ROOM_A,83.9731,26.0,48.0,25.9244,29.25,15.16,10.0
69.0,10.0,10.0,cresh12,EXECUTIVE_SEMINAR_ROOM_A,77.0247,26.0,45.0,25.381,26.75,15.23,10.0
72.0,10.0,10.0,cresh08,EXECUTIVE_SEMINAR_ROOM_A,81.4147,25.0,48.0,25.7909,25.875,15.37,10.0
83.0,10.0,10.0,cresh12,EXECUTIVE_SEMINAR_ROOM_A,77.4279,26.0,50.0,25.2777,29.125,15.43,10.0
61.0,10.0,10.0,cresh08,EXECUTIVE_SEMINAR_ROOM_A,83.2916,25.0,53.0,25.8347,25.625,15.51,10.0
68.0,10.0,10.0,cresh12,EXECUTIVE_SEMINAR_ROOM_A,78.2985,25.0,55.0,25.3225,26.875,16.0,10.0
63.0,10.0,10.0,cresh08,EXECUTIVE_SEMINAR_ROOM_A,80.0422,26.0,47.0,25.3945,25.25,16.1,10.0
66.0,10.0,10.0,cresh08,EXECUTIVE_SEMINAR_ROOM_A,81.0115,25.0,47.0,25.7627,25.5,16.1,10.0
59.0,10.0,10.0,cresh12,EXECUTIVE_SEMINAR_ROOM_A,77.3851,25.0,46.0,25.2641,26.5,16.15,10.0
60.0,10.0,10.0,cresh12,EXECUTIVE_SEMINAR_ROOM_A,78.0047,25.0,47.0,25.3643,26.5,16.31,10.0
67.0,10.0,10.0,cresh12,EXECUTIVE_SEMINAR_ROOM_A,77.9084,25.0,45.0,25.3507,26.375,16.5,10.0
55.0,10.0,10.0,cresh08,EXECUTIVE_SEMINAR_ROOM_A,78.5816,25.0,46.0,25.4811,24.875,16.52,10.0
57.0,10.0,10.0,cresh08,EXECUTIVE_SEMINAR_ROOM_A,82.4852,25.0,47.0,25.7627,25.125,16.56,10.0
64.0,10.0,10.0,cresh12,EXECUTIVE_SEMINAR_ROOM_A,78.2926,25.0,49.0,25.4811,26.875,17.2,9.0
62.0,10.0,10.0,cresh08,EXECUTIVE_SEMINAR_ROOM_A,76.5251,24.0,50.0,25.3945,25.125,17.3,10.0
61.0,10.0,10.0,cresh08,EXECUTIVE_SEMINAR_ROOM_A,83.0156,24.0,46.0,25.7178,25.25,17.12,10.0
92.0,10.0,10.0,cresh12,EXECUTIVE_SEMINAR_ROOM_A,83.2369,25.0,48.0,25.7763,27.875,17.13,10.0
54.0,10.0,10.0,cresh12,EXECUTIVE_SEMINAR_ROOM_A,78.6054,24.0,49.0,25.3643,27.0,17.18,10.0
77.0,10.0,10.0,cresh08,EXECUTIVE_SEMINAR_ROOM_A,78.2605,24.0,45.0,25.189,24.875,17.21,10.0
62.0,10.0,10.0,cresh12,EXECUTIVE_SEMINAR_ROOM_A,79.5509,24.0,46.0,25.4957,26.5,17.32,9.0
59.0,10.0,10.0,cresh08,EXECUTIVE_SEMINAR_ROOM_A,78.7196,24.0,45.0,25.3059,24.875,17.41,10.0
64.0,10.0,10.0,cresh12,EXECUTIVE_SEMINAR_ROOM_A,81.7037,24.0,45.0,25.7178,26.5,17.47,9.0
58.0,10.0,10.0,cresh08,EXECUTIVE_SEMINAR_ROOM_A,83.0085,25.0,45.0,25.8075,25.25,17.5,10.0
53.0,11.0,10.0,cresh08,EXECUTIVE_SEMINAR_ROOM_A,80.1456,22.0,50.0,25.2641,25.125,17.59,10.0
59.0,10.0,10.0,cresh08,EXECUTIVE_SEMINAR_ROOM_A,81.4742,24.0,47.0,25.6594,25.25,18.8,10.0
94.0,10.0,10.0,cresh13,NEAR_DIC_STUDIO_1,58.0846,60.0,54.0,27.1531,29.25,19.6,11.0
69.0,10.0,10.0,cresh11,IRC_LIBRARY_1,59.5737,104.0,50.0,27.1278,30.875,11.5,10.0
110.0,10.0,10.0,cresh04,IRC_LIBRARY_1,59.5737,104.0,50.0,27.1278,30.125,11.5,10.0
84.0,10.0,10.0,cresh11,IRC_LIBRARY_1,59.7184,152.0,48.0,27.111,29.75,11.15,10.0
84.0,10.0,10.0,cresh11,IRC_LIBRARY_1,59.5299,135.0,49.0,27.1731,29.125,11.27,10.0
78.0,10.0,10.0,cresh11,IRC_LIBRARY_1,59.3729,123.0,53.0,27.2342,29.25,11.36,9.0
75.0,10.0,10.0,cresh11,IRC_LIBRARY_1,59.4046,139.0,49.0,27.2173,28.875,11.46,10.0
78.0,10.0,10.0,cresh10,EXECUTIVE_SEMINAR_ROOM_A,66.0692,38.0,56.0,26.3645,28.125,11.5,10.0
73.0,10.0,10.0,cresh11,IRC_LIBRARY_1,59.2318,142.0,49.0,27.2626,28.75,11.56,10.0
95.0,10.0,10.0,cresh09,OPEN_EXHIBITION_SPACE_2,78.179,138.0,66.0,29.4948,31.25,11.58,11.0
101.0,10.0,11.0,cresh06,OPEN_EXHIBITION_SPACE_2,77.7726,142.0,65.0,29.4643,30.5,11.58,11.0
90.0,10.0,11.0,cresh06,OPEN_EXHIBITION_SPACE_2,77.7726,142.0,65.0,29.4643,30.5,11.59,11.0
78.0,10.0,10.0,cresh10,EXECUTIVE_SEMINAR_ROOM_A,65.8861,39.0,58.0,26.3916,27.875,12.17,9.0
94.0,11.0,10.0,cresh09,OPEN_EXHIBITION_SPACE_2,82.1341,145.0,67.0,29.4811,32.125,12.19,11.0
78.0,10.0,10.0,cresh04,IRC_LIBRARY_1,59.5688,188.0,50.0,27.2626,28.75,12.28,10.0
79.0,10.0,10.0,cresh10,EXECUTIVE_SEMINAR_ROOM_A,65.9895,39.0,54.0,26.3197,27.625,12.31,10.0
110.0,10.0,10.0,cresh04,OPEN_EXHIBITION_SPACE_2,82.1682,152.0,64.0,29.4948,29.375,12.36,10.0
107.0,9.0,10.0,cresh09,OPEN_EXHIBITION_SPACE_2,81.555,147.0,64.0,29.4506,31.75,12.37,10.0
116.0,10.0,11.0,cresh06,OPEN_EXHIBITION_SPACE_2,82.2047,134.0,63.0,29.3464,30.125,12.43,11.0
69.0,10.0,10.0,cresh06,BUILDING_MATERIALS_LAB,52.9116,63.0,44.0,24.2712,27.375,12.59,11.0
80.0,10.0,10.0,cresh04,IRC_LIBRARY_1,59.5128,100.0,49.0,27.3668,28.25,13.1,10.0
80.0,10.0,10.0,cresh11,IRC_LIBRARY_1,59.5104,96.0,49.0,27.3668,29.0,13.8,10.0
80.0,10.0,10.0,cresh10,EXECUTIVE_SEMINAR_ROOM_A,65.1784,37.0,60.0,26.4229,27.0,13.9,10.0
79.0,10.0,10.0,cresh04,IRC_LIBRARY_1,59.2768,88.0,49.0,27.4395,28.125,13.11,10.0
95.0,9.0,10.0,cresh09,OPEN_EXHIBITION_SPACE_2,80.4394,88.0,65.0,29.259,31.75,13.12,11.0
67.0,10.0,10.0,cresh06,BUILDING_MATERIALS_LAB,53.2255,68.0,44.0,24.3891,27.0,13.14,11.0
80.0,10.0,10.0,cresh11,IRC_LIBRARY_1,59.435,114.0,49.0,27.4258,29.0,13.16,10.0
82.0,10.0,10.0,cresh04,IRC_LIBRARY_1,59.2099,159.0,49.0,27.4848,28.125,13.31,10.0
70.0,10.0,10.0,cresh06,BUILDING_MATERIALS_LAB,52.7827,66.0,44.0,24.4028,25.5,13.33,10.0
96.0,9.0,10.0,cresh09,CAFE,72.8559,83.0,68.0,28.7645,31.75,13.34,11.0
82.0,10.0,10.0,cresh10,EXECUTIVE_SEMINAR_ROOM_B,63.2599,52.0,63.0,27.1635,28.125,13.37,10.0
72.0,11.0,10.0,cresh11,IRC_LIBRARY_1,59.3328,236.0,50.0,27.4711,29.375,13.4,10.0
76.0,10.0,10.0,cresh04,IRC_LIBRARY_1,59.3656,279.0,51.0,27.4711,28.125,13.41,10.0
68.0,10.0,10.0,cresh06,BUILDING_MATERIALS_LAB,52.7997,66.0,44.0,24.3891,25.5,13.45,10.0
98.0,10.0,10.0,cresh04,IRC_LIBRARY_1,59.362,305.0,54.0,27.4711,28.75,13.51,10.0
96.0,11.0,10.0,cresh10,EXECUTIVE_SEMINAR_ROOM_B,70.7863,1231.0,53.0,27.1916,28.75,13.51,11.0
88.0,9.0,10.0,cresh09,CAFE,70.2095,89.0,67.0,28.7509,31.75,13.54,11.0
68.0,10.0,10.0,cresh06,BUILDING_MATERIALS_LAB,51.9383,65.0,44.0,24.6871,25.375,14.0,10.0
74.0,11.0,10.0,cresh11,EXECUTIVE_SEMINAR_ROOM_A,73.8954,44.0,47.0,25.9515,29.0,14.0,10.0
66.0,10.0,10.0,cresh12,IRC_LIBRARY_1,59.334,117.0,49.0,27.4258,30.875,14.3,11.0
73.0,11.0,10.0,cresh11,EXECUTIVE_SEMINAR_ROOM_A,76.0185,43.0,51.0,26.1413,28.875,14.1,10.0
93.0,10.0,10.0,cresh09,CAFE,69.2021,93.0,68.0,28.4693,31.0,14.14,10.0
82.0,10.0,10.0,cresh04,IRC_LIBRARY_1,59.407,232.0,51.0,27.4258,28.375,14.16,10.0
71.0,10.0,10.0,cresh12,IRC_LIBRARY_1,59.2829,236.0,53.0,27.4711,30.75,14.17,11.0
77.0,10.0,10.0,cresh04,IRC_LIBRARY_1,59.1223,346.0,49.0,27.5153,28.25,14.25,10.0
65.0,11.0,10.0,cresh11,EXECUTIVE_SEMINAR_ROOM_B,66.5926,1234.0,61.0,27.3251,29.375,14.26,10.0
66.0,10.0,10.0,cresh06,BUILDING_MATERIALS_LAB,51.6634,69.0,44.0,24.7913,27.25,14.3,10.0
61.0,10.0,10.0,cresh12,IRC_LIBRARY_1,59.0481,307.0,50.0,27.5437,31.125,14.32,11.0
86.0,10.0,10.0,cresh09,CAFE,68.9297,107.0,69.0,28.6727,31.5,14.35,11.0
73.0,11.0,10.0,cresh11,EXECUTIVE_SEMINAR_ROOM_A,81.115,45.0,46.0,26.1131,29.5,14.36,11.0
60.0,10.0,10.0,cresh06,BUILDING_MATERIALS_LAB,51.7644,69.0,44.0,24.6566,28.375,14.45,9.0
79.0,10.0,10.0,cresh04,IRC_LIBRARY_1,58.8839,328.0,51.0,27.7522,28.625,14.46,10.0
61.0,10.0,10.0,cresh12,IRC_LIBRARY_1,58.8036,287.0,51.0,27.7964,30.875,14.5,11.0
86.0,10.0,10.0,cresh09,CAFE,70.3344,94.0,68.0,29.4111,31.625,14.55,11.0
70.0,11.0,10.0,cresh11,EXECUTIVE_SEMINAR_ROOM_A,82.5886,44.0,50.0,26.3197,30.25,14.55,11.0
58.0,10.0,10.0,cresh06,BUILDING_MATERIALS_LAB,51.56,64.0,45.0,24.7597,28.5,15.0,9.0
76.0,11.0,10.0,cresh11,EXECUTIVE_SEMINAR_ROOM_A,78.3711,44.0,50.0,25.8211,29.125,15.7,11.0
86.0,10.0,10.0,cresh04,IRC_LIBRARY_1,58.6661,114.0,51.0,27.7522,28.375,15.8,10.0
86.0,10.0,10.0,cresh04,IRC_LIBRARY_1,58.5821,113.0,52.0,27.7964,28.375,15.11,10.0
69.0,10.0,11.0,cresh12,OUTSIDE_RESTROOM,78.3736,46.0,69.0,29.9055,31.625,15.13,10.0
62.0,10.0,10.0,cresh06,BUILDING_MATERIALS_LAB,51.8313,64.0,44.0,24.6397,28.5,15.15,9.0
89.0,10.0,10.0,cresh09,CAFE,67.6166,82.0,64.0,29.1024,31.125,15.15,10.0
70.0,11.0,10.0,cresh11,EXECUTIVE_SEMINAR_ROOM_A,79.2643,44.0,54.0,26.1413,28.625,15.16,11.0
71.0,10.0,10.0,cresh11,EXECUTIVE_SEMINAR_ROOM_A,81.2672,44.0,55.0,26.2195,28.5,15.28,11.0
58.0,10.0,10.0,cresh06,BUILDING_MATERIALS_LAB,52.4615,65.0,45.0,24.3754,28.0,15.3,10.0
110.0,10.0,10.0,cresh10,EXECUTIVE_SEMINAR_ROOM_A,80.4561,44.0,51.0,26.2613,29.375,15.3,10.0
65.0,10.0,10.0,cresh12,IRC_LIBRARY_1,58.7111,307.0,49.0,27.8722,30.75,15.31,11.0
96.0,10.0,10.0,cresh09,CAFE,70.219,94.0,66.0,28.7791,31.25,15.35,10.0
65.0,11.0,10.0,cresh11,EXECUTIVE_SEMINAR_ROOM_A,75.0646,45.0,48.0,25.601,28.75,15.4,10.0
69.0,10.0,10.0,cresh12,IRC_LIBRARY_1,58.3863,369.0,49.0,28.0049,30.75,15.46,11.0
78.0,11.0,10.0,cresh11,EXECUTIVE_SEMINAR_ROOM_A,79.0122,45.0,49.0,26.1131,29.75,15.5,10.0
87.0,10.0,10.0,cresh09,CAFE,70.7055,99.0,65.0,28.7175,31.625,15.55,10.0
67.0,10.0,10.0,cresh12,IRC_LIBRARY_1,58.1904,373.0,50.0,28.0502,31.25,16.3,11.0
82.0,10.0,10.0,cresh09,CAFE,70.2262,84.0,67.0,28.971,31.375,16.15,11.0
63.0,11.0,10.0,cresh11,EXECUTIVE_SEMINAR_ROOM_A,76.2968,44.0,47.0,25.4811,29.125,16.16,10.0
57.0,10.0,11.0,cresh12,IRC_LIBRARY_1,58.076,177.0,52.0,28.0944,31.0,16.21,11.0
105.0,10.0,10.0,cresh11,CAFE,70.1774,71.0,62.0,28.7645,29.875,16.26,10.0
86.0,10.0,10.0,cresh09,CAFE,68.5872,70.0,65.0,28.5726,31.75,16.35,11.0
82.0,11.0,10.0,cresh11,OPEN_EXHIBITION_SPACE_2,75.4964,113.0,67.0,29.4222,31.375,16.36,11.0
74.0,11.0,10.0,cresh11,OPEN_EXHIBITION_SPACE_2,80.1243,103.0,68.0,29.3042,31.625,16.46,11.0
57.0,10.0,10.0,cresh12,IRC_LIBRARY_1,58.1515,181.0,54.0,28.0049,30.625,16.5,11.0
82.0,10.0,10.0,cresh11,OPEN_EXHIBITION_SPACE_2,82.3166,119.0,66.0,29.2726,31.875,16.55,10.0
87.0,10.0,10.0,cresh09,CAFE,74.0703,71.0,63.0,28.7175,31.5,16.55,11.0
69.0,10.0,10.0,cresh12,IRC_LIBRARY_1,57.952,331.0,54.0,28.0502,30.625,17.5,11.0
83.0,9.0,11.0,cresh12,OPEN_EXHIBITION_SPACE_2,79.6486,101.0,66.0,29.3906,30.375,17.13,11.0
83.0,10.0,10.0,cresh09,OPEN_EXHIBITION_SPACE_2,79.1194,101.0,67.0,29.4053,31.5,17.15,11.0
86.0,10.0,11.0,cresh09,OPEN_EXHIBITION_SPACE_2,78.9381,99.0,68.0,29.3316,31.5,17.16,11.0
72.0,9.0,11.0,cresh12,OPEN_EXHIBITION_SPACE_2,80.1498,69.0,64.0,29.1547,31.25,17.37,11.0
72.0,9.0,10.0,cresh13,NEAR_DIC_STUDIO_1,57.222,63.0,54.0,27.2152,29.25,18.34,10.0
91.0,10.0,10.0,cresh08,IRC_LIBRARY_1,58.441,180.0,51.0,27.6164,27.5,18.48,10.0
59.0,10.0,10.0,cresh08,IRC_LIBRARY_1,58.2184,176.0,50.0,27.6764,27.75,18.57,10.0
51.0,10.0,10.0,cresh08,IRC_LIBRARY_1,58.03100000000001,176.0,50.0,27.7375,28.125,19.6,10.0
59.0,11.0,11.0,cresh08,IRC_LIBRARY_1,58.5274,178.0,49.0,27.589,27.875,19.34,10.0
58.0,11.0,10.0,cresh08,IRC_LIBRARY_1,61.5263,178.0,49.0,27.7206,27.625,19.43,10.0
92.0,10.0,10.0,cresh13,EXECUTIVE_SEMINAR_ROOM_B,84.814,606.0,52.0,25.9995,29.125,20.4,11.0
89.0,10.0,10.0,cresh06,BUILDING_MATERIALS_LAB,53.0953,67.0,45.0,24.1669,27.75,9.48,10.0
89.0,10.0,10.0,cresh06,BUILDING_MATERIALS_LAB,53.0953,67.0,45.0,24.1669,27.75,9.48,10.0
94.0,,10.0,cresh11,GIS_LAB,61.7922,338.0,45.0,25.5478,29.125,10.15,11.0
67.0,10.0,10.0,cresh06,BUILDING_MATERIALS_LAB,53.2924,67.0,44.0,24.1217,27.75,10.16,10.0
64.0,10.0,10.0,cresh06,BUILDING_MATERIALS_LAB,52.2948,65.0,45.0,24.3438,27.875,10.3,10.0
87.0,10.0,10.0,cresh04,GIS_LAB,61.4366,337.0,46.0,25.6511,29.75,10.32,10.0
85.0,10.0,10.0,cresh11,IRC_LIBRARY_1,60.6102,166.0,49.0,26.9646,30.0,10.35,11.0
62.0,10.0,10.0,cresh06,BUILDING_MATERIALS_LAB,52.3873,66.0,44.0,24.2564,28.125,10.48,10.0
74.0,10.0,10.0,cresh13,NEAR_DIC_STUDIO_1,57.3132,84.0,46.0,27.1362,29.125,10.52,11.0
92.0,10.0,10.0,cresh04,CAFE,72.712,79.0,67.0,27.9541,29.0,11.5,10.0
55.0,10.0,10.0,cresh06,BUILDING_MATERIALS_LAB,51.4797,64.0,44.0,24.7461,27.875,11.15,9.0
60.0,10.0,10.0,cresh06,BUILDING_MATERIALS_LAB,51.5649,65.0,44.0,24.7745,27.5,11.38,9.0
79.0,10.0,10.0,cresh09,IRC_LIBRARY_1,59.9569,207.0,48.0,27.2173,29.125,11.45,10.0
62.0,10.0,10.0,cresh06,BUILDING_MATERIALS_LAB,52.1841,71.0,50.0,24.566,27.625,12.1,9.0
96.0,10.0,10.0,cresh09,IRC_LIBRARY_1,59.7914,258.0,51.0,27.2489,29.375,12.4,10.0
98.0,9.0,10.0,cresh09,OPEN_EXHIBITION_SPACE_2,78.8822,236.0,67.0,29.7201,31.25,12.45,11.0
72.0,10.0,11.0,cresh13,NEAR_DIC_STUDIO_1,58.0979,92.0,54.0,27.2289,29.25,12.46,10.0
93.0,9.0,10.0,cresh09,OPEN_EXHIBITION_SPACE_2,79.4369,191.0,68.0,29.3179,31.875,13.7,11.0
94.0,9.0,10.0,cresh09,OPEN_EXHIBITION_SPACE_2,80.3141,170.0,67.0,29.5096,31.875,13.22,11.0
98.0,9.0,11.0,cresh13,OPEN_EXHIBITION_SPACE_2,78.6303,255.0,70.0,29.6159,29.75,13.37,11.0
96.0,10.0,10.0,cresh09,IRC_LIBRARY_1,59.3936,322.0,52.0,27.5574,29.625,13.44,10.0
93.0,10.0,10.0,cresh09,IRC_LIBRARY_1,59.0153,255.0,53.0,27.5437,29.375,14.3,10.0
92.0,10.0,10.0,cresh09,IRC_LIBRARY_1,58.6977,91.0,53.0,27.5743,30.125,14.24,11.0
76.0,9.0,11.0,cresh13,NEAR_DIC_STUDIO_1,59.6357,75.0,54.0,27.4963,29.625,14.3,11.0
92.0,10.0,10.0,cresh09,IRC_LIBRARY_1,58.2488,106.0,48.0,27.5153,29.625,14.44,10.0
79.0,10.0,10.0,cresh06,BUILDING_MATERIALS_LAB,53.4141,65.0,44.0,24.3586,28.75,14.52,10.0
97.0,10.0,10.0,cresh09,IRC_LIBRARY_1,58.9094,93.0,49.0,27.5437,29.75,15.5,10.0
74.0,10.0,10.0,cresh06,BUILDING_MATERIALS_LAB,53.3897,64.0,44.0,24.4175,29.375,15.7,11.0
74.0,9.0,11.0,cresh13,NEAR_DIC_STUDIO_1,58.3413,72.0,54.0,27.4058,30.125,15.2,11.0
98.0,10.0,10.0,cresh09,IRC_LIBRARY_1,58.6369,223.0,52.0,27.5574,29.375,15.23,10.0
73.0,10.0,10.0,cresh06,BUILDING_MATERIALS_LAB,53.0394,64.0,44.0,24.4765,29.875,15.33,10.0
90.0,10.0,10.0,cresh09,IRC_LIBRARY_1,58.677,211.0,50.0,27.5574,29.375,15.44,10.0
77.0,10.0,10.0,cresh06,BUILDING_MATERIALS_LAB,53.0138,63.0,52.0,24.4933,29.375,15.46,10.0
67.0,10.0,10.0,cresh06,BUILDING_MATERIALS_LAB,52.3897,65.0,49.0,24.5355,28.875,16.0,10.0
85.0,10.0,10.0,cresh09,IRC_LIBRARY_1,59.0335,197.0,51.0,27.4848,29.25,16.4,10.0
70.0,10.0,10.0,cresh06,BUILDING_MATERIALS_LAB,52.178,62.0,46.0,24.9514,29.5,16.2,10.0
88.0,10.0,10.0,cresh09,IRC_LIBRARY_1,59.2549,196.0,52.0,27.4984,29.375,16.27,11.0
71.0,10.0,10.0,cresh06,BUILDING_MATERIALS_LAB,51.7644,62.0,46.0,24.8787,29.75,16.29,10.0
83.0,10.0,10.0,cresh09,IRC_LIBRARY_1,59.2488,205.0,55.0,27.5437,29.125,16.44,10.0
69.0,10.0,10.0,cresh06,BUILDING_MATERIALS_LAB,51.2291,64.0,46.0,24.864,29.625,16.45,10.0
75.0,10.0,10.0,cresh09,IRC_LIBRARY_1,59.4946,204.0,50.0,27.53,29.5,17.6,11.0
67.0,10.0,10.0,cresh06,BUILDING_MATERIALS_LAB,51.7863,62.0,46.0,25.0409,29.75,17.7,10.0
70.0,10.0,10.0,cresh13,NEAR_DIC_STUDIO_1,58.3705,69.0,53.0,27.2152,29.75,17.19,11.0
82.0,10.0,10.0,cresh09,IRC_LIBRARY_1,59.5907,204.0,49.0,27.4711,29.0,17.24,10.0
84.0,10.0,10.0,cresh09,IRC_LIBRARY_1,59.5238,200.0,48.0,27.4258,28.625,17.44,10.0
64.0,10.0,10.0,cresh06,BUILDING_MATERIALS_LAB,51.6415,61.0,48.0,24.625,28.75,17.47,10.0
81.0,10.0,10.0,cresh09,IRC_LIBRARY_1,59.0651,194.0,47.0,27.4848,28.75,18.4,10.0
82.0,9.0,11.0,cresh13,NEAR_DIC_STUDIO_1,57.8023,65.0,56.0,27.1215,29.625,18.14,11.0
94.0,10.0,10.0,cresh09,ENERGY_LAB_1,64.45100000000001,14.0,46.0,26.3539,29.375,18.43,10.0
72.0,10.0,10.0,cresh14,IRC_LIBRARY_1,59.4009,178.0,48.0,27.1868,28.5,18.53,9.0
84.0,10.0,10.0,cresh09,ENERGY_LAB_1,64.3731,13.0,46.0,26.3539,29.25,19.3,10.0
75.0,10.0,10.0,cresh14,IRC_LIBRARY_1,59.7294,176.0,49.0,27.0688,28.5,19.12,9.0
82.0,10.0,10.0,cresh09,ENERGY_LAB_1,64.4863,13.0,47.0,26.3234,29.125,19.2,10.0
70.0,10.0,10.0,cresh14,IRC_LIBRARY_1,60.3146,176.0,49.0,26.993,28.125,19.34,9.0
73.0,10.0,10.0,cresh14,IRC_LIBRARY_1,62.1188,176.0,47.0,27.5153,28.625,19.46,9.0
73.0,10.0,10.0,cresh13,IRC_LIBRARY_1,63.0714,176.0,46.0,27.9765,29.375,20.18,11.0
97.0,10.0,10.0,cresh06,IRC_LIBRARY_1,59.8948,67.0,52.0,26.9509,28.625,12.32,10.0
85.0,10.0,10.0,cresh06,IRC_LIBRARY_1,59.7562,80.0,49.0,26.993,28.75,12.35,10.0
61.0,9.0,10.0,cresh06,IRC_LIBRARY_1,59.9678,128.0,49.0,26.9509,29.0,12.44,10.0
59.0,9.0,10.0,cresh06,IRC_LIBRARY_1,59.7841,217.0,48.0,26.9509,28.75,13.0,10.0
57.0,9.0,10.0,cresh06,IRC_LIBRARY_1,59.6965,244.0,51.0,26.9783,29.0,13.15,9.0
59.0,9.0,10.0,cresh06,IRC_LIBRARY_1,59.6965,244.0,51.0,26.9783,29.0,13.15,9.0
61.0,9.0,10.0,cresh06,IRC_LIBRARY_1,59.9447,235.0,48.0,27.0099,29.0,13.3,9.0
58.0,9.0,10.0,cresh06,IRC_LIBRARY_1,60.0858,246.0,49.0,26.9509,28.875,13.45,9.0
91.0,10.0,10.0,cresh09,BUILDING_MATERIALS_LAB,52.7632,65.0,51.0,24.4618,28.875,13.56,11.0
57.0,10.0,10.0,cresh06,IRC_LIBRARY_1,59.9131,167.0,51.0,27.1415,28.5,14.15,9.0
97.0,10.0,10.0,cresh09,BUILDING_MATERIALS_LAB,52.8411,65.0,46.0,24.6871,29.0,14.16,10.0
63.0,9.0,10.0,cresh06,IRC_LIBRARY_1,60.0068,150.0,53.0,27.1415,28.375,14.3,9.0
96.0,10.0,10.0,cresh09,BUDS_LAB,52.8617,158.0,42.0,24.4597,29.375,14.37,10.0
96.0,11.0,11.0,cresh10,OPEN_EXHIBITION_SPACE_2,79.60600000000002,165.0,64.0,27.5521,27.625,14.43,10.0
58.0,10.0,10.0,cresh06,IRC_LIBRARY_1,60.1698,161.0,52.0,27.1415,28.625,14.45,9.0
96.0,10.0,10.0,cresh09,BUILDING_MATERIALS_LAB,52.4104,65.0,45.0,24.625,29.875,14.56,9.0
79.0,10.0,10.0,cresh10,OPEN_EXHIBITION_SPACE_2,82.1073,177.0,68.0,27.2573,28.75,14.58,10.0
63.0,10.0,11.0,cresh06,IRC_LIBRARY_1,59.997,203.0,54.0,27.2005,28.5,15.0,9.0
102.0,10.0,10.0,cresh10,BUILDING_MATERIALS_LAB,52.5795,63.0,47.0,24.566,27.5,15.1,10.0
58.0,9.0,10.0,cresh06,IRC_LIBRARY_1,59.89,270.0,50.0,27.2763,28.375,15.15,9.0
91.0,10.0,10.0,cresh09,BUILDING_MATERIALS_LAB,52.3994,65.0,44.0,24.6566,29.625,15.16,10.0
78.0,10.0,10.0,cresh10,BUILDING_MATERIALS_LAB,51.7717,65.0,44.0,25.0409,29.25,15.27,10.0
58.0,10.0,10.0,cresh06,IRC_LIBRARY_1,59.6686,358.0,52.0,27.3215,28.5,15.31,9.0
77.0,10.0,10.0,cresh10,BUILDING_MATERIALS_LAB,51.2485,63.0,44.0,25.2188,29.375,15.42,11.0
60.0,10.0,11.0,cresh06,IRC_LIBRARY_1,59.6552,248.0,50.0,27.3215,28.375,15.45,9.0
74.0,10.0,10.0,cresh10,BUILDING_MATERIALS_LAB,51.2753,59.0,46.0,25.3389,28.75,15.49,11.0
57.0,10.0,11.0,cresh06,IRC_LIBRARY_1,59.9399,221.0,51.0,27.2626,28.5,15.53,9.0
62.0,10.0,11.0,cresh06,IRC_LIBRARY_1,59.817,223.0,50.0,27.2763,28.75,15.54,9.0
101.0,10.0,11.0,cresh09,BUILDING_MATERIALS_LAB,51.0308,61.0,45.0,25.3704,29.125,15.55,10.0
67.0,10.0,10.0,cresh10,IRC_LIBRARY_1,59.4605,389.0,50.0,27.7964,29.5,15.24,10.0
81.0,9.0,10.0,cresh10,CAFE,76.8951,100.0,62.0,28.4109,29.875,15.29,10.0
78.0,10.0,10.0,cresh10,CAFE,76.5204,100.0,63.0,28.4255,30.125,15.34,10.0
72.0,10.0,10.0,cresh10,BUILDING_MATERIALS_LAB,52.6768,64.0,48.0,24.2564,28.125,18.19,11.0
72.0,10.0,10.0,cresh10,BUILDING_MATERIALS_LAB,53.5966,60.0,51.0,24.1669,28.125,18.27,10.0
